Status,Category,Name,Unlock_Requirement,Assigned_Rarity,Estimated_Probability,Probability_Confidence,Rarity_Basis,Validation_Notes,Badge_Key,Estimated_Days,Rarity_Method,Review_Status,Verified_Probability_Percent,Observed_Runs,Simulated_Runs,Suggested_Rarity,Estimated_Days_At_One_Daily,Proof,Issues_And_Changes,Notes,Suggested_Replacement_Name,Suggested_Replacement_Rule,Candidate_Status,Production_Status
Existing,Exact numbers,Twenty-One,Reach exactly 21 accumulated points at least once during an official Daily (final score may differ).,Rare,8.1849667,Prior estimate,Monte Carlo: 2000000 completed Dailies,Live badge; probability is prior simulation estimate.,v2_funny_score_21,,Existing classification / historical simulation,Preserved; prior probability estimate,8.21065,164213,2000000,Rare,,"Observed 164,213 / 2,000,000 valid simulated Dailies; reproducible positive witness",,,,,VALIDATED MECHANICALLY,NOT CERTIFIED: award tracking + E2E pending
Existing,Exact numbers,Answer to Everything,Reach exactly 42 accumulated points at least once during an official Daily (final score may differ).,Epic,3.6606667,Prior estimate,Monte Carlo: 2000000 completed Dailies,Live badge; probability is prior simulation estimate.,v2_funny_score_42,,Existing classification / historical simulation,Preserved; prior probability estimate,3.654,73080,2000000,Epic,,"Observed 73,080 / 2,000,000 valid simulated Dailies; reproducible positive witness",,,,,VALIDATED MECHANICALLY,NOT CERTIFIED: award tracking + E2E pending
Existing,Exact numbers,Six Seven,Reach exactly 67 accumulated points at least once during an official Daily (final score may differ).,Mythic,0.5262,Prior estimate,Monte Carlo: 2000000 completed Dailies,Live badge; probability is prior simulation estimate.,v2_funny_score_67,,Existing classification / historical simulation,Preserved; prior probability estimate,0.532,10640,2000000,Mythic,,"Observed 10,640 / 2,000,000 valid simulated Dailies; reproducible positive witness",,,,,VALIDATED MECHANICALLY,NOT CERTIFIED: award tracking + E2E pending
Existing,Exact numbers,Nice.,Reach exactly 69 accumulated points at least once during an official Daily (final score may differ).,Anomaly,1.1407,Prior estimate,Monte Carlo: 2000000 completed Dailies,Live badge; probability is prior simulation estimate.,v2_funny_score_69,,Existing classification / historical simulation,Preserved; prior probability estimate,1.13565,22713,2000000,Anomaly,,"Observed 22,713 / 2,000,000 valid simulated Dailies; reproducible positive witness",,,,,VALIDATED MECHANICALLY,NOT CERTIFIED: award tracking + E2E pending
Existing,Exact numbers,Reverse Nice,Reach exactly 96 accumulated points at least once during an official Daily (final score may differ).,Mythic,0.6517333,Prior estimate,Monte Carlo: 2000000 completed Dailies,Live badge; probability is prior simulation estimate.,v2_funny_score_96,,Existing classification / historical simulation,Preserved; prior probability estimate,0.6535,13070,2000000,Mythic,,"Observed 13,070 / 2,000,000 valid simulated Dailies; reproducible positive witness",,,,,VALIDATED MECHANICALLY,NOT CERTIFIED: award tracking + E2E pending
Existing,Exact numbers,Almost a Hundred,Reach exactly 99 accumulated points at least once during an official Daily (final score may differ).,Mythic,0.6473,Prior estimate,Monte Carlo: 2000000 completed Dailies,Live badge; probability is prior simulation estimate.,v2_funny_score_99,,Existing classification / historical simulation,Preserved; prior probability estimate,0.65365,13073,2000000,Mythic,,"Observed 13,073 / 2,000,000 valid simulated Dailies; reproducible positive witness",,,,,VALIDATED MECHANICALLY,NOT CERTIFIED: award tracking + E2E pending
Existing,Exact numbers,Triple Ones,Reach exactly 111 accumulated points at least once during an official Daily (final score may differ).,Mythic,0.3742,Prior estimate,Monte Carlo: 2000000 completed Dailies,Live badge; probability is prior simulation estimate.,v2_funny_score_111,,Existing classification / historical simulation,Preserved; prior probability estimate,0.37385,7477,2000000,Mythic,,"Observed 7,477 / 2,000,000 valid simulated Dailies; reproducible positive witness",,,,,VALIDATED MECHANICALLY,NOT CERTIFIED: award tracking + E2E pending
Existing,Exact numbers,One Two Three,Reach exactly 123 accumulated points at least once during an official Daily (final score may differ).,Mythic,0.2965333,Prior estimate,Monte Carlo: 2000000 completed Dailies,Live badge; probability is prior simulation estimate.,v2_funny_score_123,,Existing classification / historical simulation,Preserved; prior probability estimate,0.2931,5862,2000000,Mythic,,"Observed 5,862 / 2,000,000 valid simulated Dailies; reproducible positive witness",,,,,VALIDATED MECHANICALLY,NOT CERTIFIED: award tracking + E2E pending
Existing,Exact numbers,Triple Twos,Reach exactly 222 accumulated points at least once during an official Daily (final score may differ).,Mythic,0.0639667,Prior estimate,Monte Carlo: 2000000 completed Dailies,Live badge; probability is prior simulation estimate.,v2_funny_score_222,,Existing classification / historical simulation,Preserved; prior probability estimate,0.06065,1213,2000000,Mythic,,"Observed 1,213 / 2,000,000 valid simulated Dailies; reproducible positive witness",,,,,VALIDATED MECHANICALLY,NOT CERTIFIED: award tracking + E2E pending
Existing,Exact numbers,Triple Threes,Reach exactly 333 accumulated points at least once during an official Daily (final score may differ).,Mythic,0.0287,Prior estimate,Monte Carlo: 2000000 completed Dailies,Live badge; probability is prior simulation estimate.,v2_funny_score_333,,Existing classification / historical simulation,Preserved; prior probability estimate,0.03,600,2000000,Mythic,,"Observed 600 / 2,000,000 valid simulated Dailies; reproducible positive witness",,,,,VALIDATED MECHANICALLY,NOT CERTIFIED: award tracking + E2E pending
Existing,Exact numbers,Score Not Found,Reach exactly 404 accumulated points at least once during an official Daily (final score may differ).,Mythic,0.0027,Prior estimate,Monte Carlo: 2000000 completed Dailies,Live badge; probability is prior simulation estimate.,v2_funny_score_404,,Existing classification / historical simulation,Preserved; prior probability estimate,0.003,60,2000000,Mythic,,"Observed 60 / 2,000,000 valid simulated Dailies; reproducible positive witness",,Rare-event Monte Carlo confidence interval wide; do not advertise odds as exact.,,,VALIDATED MECHANICALLY,NOT CERTIFIED: award tracking + E2E pending
Existing,Exact numbers,Blaze It,Reach exactly 420 accumulated points at least once during an official Daily (final score may differ).,Mythic,0.0094667,Prior estimate,Monte Carlo: 2000000 completed Dailies,Live badge; probability is prior simulation estimate.,v2_funny_score_420,,Existing classification / historical simulation,Preserved; prior probability estimate,0.0088,176,2000000,Mythic,,"Observed 176 / 2,000,000 valid simulated Dailies; reproducible positive witness",,,,,VALIDATED MECHANICALLY,NOT CERTIFIED: award tracking + E2E pending
Existing,Exact numbers,Triple Fours,Reach exactly 444 accumulated points at least once during an official Daily (final score may differ).,Mythic,0.0070333,Prior estimate,Monte Carlo: 2000000 completed Dailies,Live badge; probability is prior simulation estimate.,v2_funny_score_444,,Existing classification / historical simulation,Preserved; prior probability estimate,0.00815,163,2000000,Mythic,,"Observed 163 / 2,000,000 valid simulated Dailies; reproducible positive witness",,,,,VALIDATED MECHANICALLY,NOT CERTIFIED: award tracking + E2E pending
Existing,Exact numbers,Triple Fives,Reach exactly 555 accumulated points at least once during an official Daily (final score may differ).,Mythic,0.0026333,Prior estimate,Monte Carlo: 2000000 completed Dailies,Live badge; probability is prior simulation estimate.,v2_funny_score_555,,Existing classification / historical simulation,Preserved; prior probability estimate,0.00235,47,2000000,Mythic,,"Observed 47 / 2,000,000 valid simulated Dailies; reproducible positive witness",,Rare-event Monte Carlo confidence interval wide; do not advertise odds as exact.,,,VALIDATED MECHANICALLY,NOT CERTIFIED: award tracking + E2E pending
Existing,Exact numbers,Devil's Number,Reach exactly 666 accumulated points at least once during an official Daily (final score may differ).,Mythic,0.0033,Prior estimate,Monte Carlo: 2000000 completed Dailies,Live badge; probability is prior simulation estimate.,v2_funny_score_666,,Existing classification / historical simulation,Preserved; prior probability estimate,0.0039,78,2000000,Mythic,,"Observed 78 / 2,000,000 valid simulated Dailies; reproducible positive witness",,Rare-event Monte Carlo confidence interval wide; do not advertise odds as exact.,,,VALIDATED MECHANICALLY,NOT CERTIFIED: award tracking + E2E pending
Existing,Exact numbers,Lucky Sevens,Reach exactly 777 accumulated points at least once during an official Daily (final score may differ).,Mythic,0.0003667,Prior estimate,Monte Carlo: 2000000 completed Dailies,Live badge; probability is prior simulation estimate.,v2_funny_score_777,,Existing classification / historical simulation,Preserved; prior probability estimate,0.0006,12,2000000,Mythic,,"Observed 12 / 2,000,000 valid simulated Dailies; reproducible positive witness",,Rare-event Monte Carlo confidence interval wide; do not advertise odds as exact.,,,VALIDATED MECHANICALLY,NOT CERTIFIED: award tracking + E2E pending
Existing,Exact numbers,Triple Eights,Reach exactly 888 accumulated points at least once during an official Daily (final score may differ).,Mythic,0.0006667,Prior estimate,Monte Carlo: 2000000 completed Dailies,Live badge; probability is prior simulation estimate.,v2_funny_score_888,,Existing classification / historical simulation,Preserved; prior probability estimate,0.00045,9,2000000,Mythic,,"Observed 9 / 2,000,000 valid simulated Dailies; reproducible positive witness",,Rare-event Monte Carlo confidence interval wide; do not advertise odds as exact.,,,VALIDATED MECHANICALLY,NOT CERTIFIED: award tracking + E2E pending
Existing,Exact numbers,Triple Nines,Reach exactly 999 accumulated points at least once during an official Daily (final score may differ).,Mythic,0.0009667,Prior estimate,Monte Carlo: 2000000 completed Dailies,Live badge; probability is prior simulation estimate.,v2_funny_score_999,,Existing classification / historical simulation,Preserved; prior probability estimate,0.001,20,2000000,Mythic,,"Observed 20 / 2,000,000 valid simulated Dailies; reproducible positive witness",,Rare-event Monte Carlo confidence interval wide; do not advertise odds as exact.,,,VALIDATED MECHANICALLY,NOT CERTIFIED: award tracking + E2E pending
Existing,Exact numbers,High Five,Reach exactly 5 accumulated points at least once during an official Daily (final score may differ).,Common,36.15005,Prior estimate,Monte Carlo: 2000000 completed Dailies,Live badge; probability is prior simulation estimate.,v2_funny_score_5,,Existing classification / historical simulation,Preserved; prior probability estimate,36.1041,722082,2000000,Common,,"Observed 722,082 / 2,000,000 valid simulated Dailies; reproducible positive witness",,,,,VALIDATED MECHANICALLY,NOT CERTIFIED: award tracking + E2E pending
Existing,Exact numbers,Lucky Number Seven,Reach exactly 7 accumulated points at least once during an official Daily (final score may differ).,Uncommon,27.57565,Prior estimate,Monte Carlo: 2000000 completed Dailies,Live badge; probability is prior simulation estimate.,v2_funny_score_7,,Existing classification / historical simulation,Preserved; prior probability estimate,27.49985,549997,2000000,Uncommon,,"Observed 549,997 / 2,000,000 valid simulated Dailies; reproducible positive witness",,,,,VALIDATED MECHANICALLY,NOT CERTIFIED: award tracking + E2E pending
Existing,Exact numbers,Perfect Ten,Reach exactly 10 accumulated points at least once during an official Daily (final score may differ).,Uncommon,24.13185,Prior estimate,Monte Carlo: 2000000 completed Dailies,Live badge; probability is prior simulation estimate.,v2_funny_score_10,,Existing classification / historical simulation,Preserved; prior probability estimate,24.1035,482070,2000000,Uncommon,,"Observed 482,070 / 2,000,000 valid simulated Dailies; reproducible positive witness",,,,,VALIDATED MECHANICALLY,NOT CERTIFIED: award tracking + E2E pending
Existing,Exact numbers,Make a Wish,Reach exactly 11 accumulated points at least once during an official Daily (final score may differ).,Uncommon,18.41335,Prior estimate,Monte Carlo: 2000000 completed Dailies,Live badge; probability is prior simulation estimate.,v2_funny_score_11,,Existing classification / historical simulation,Preserved; prior probability estimate,18.4569,369138,2000000,Uncommon,,"Observed 369,138 / 2,000,000 valid simulated Dailies; reproducible positive witness",,,,,VALIDATED MECHANICALLY,NOT CERTIFIED: award tracking + E2E pending
Existing,Exact numbers,A Dozen,Reach exactly 12 accumulated points at least once during an official Daily (final score may differ).,Uncommon,21.10005,Prior estimate,Monte Carlo: 2000000 completed Dailies,Live badge; probability is prior simulation estimate.,v2_funny_score_12,,Existing classification / historical simulation,Preserved; prior probability estimate,21.1693,423386,2000000,Uncommon,,"Observed 423,386 / 2,000,000 valid simulated Dailies; reproducible positive witness",,,,,VALIDATED MECHANICALLY,NOT CERTIFIED: award tracking + E2E pending
Existing,Exact numbers,Unlucky Thirteen,Reach exactly 13 accumulated points at least once during an official Daily (final score may differ).,Uncommon,13.9065,Prior estimate,Monte Carlo: 2000000 completed Dailies,Live badge; probability is prior simulation estimate.,v2_funny_score_13,,Existing classification / historical simulation,Preserved; prior probability estimate,13.87175,277435,2000000,Uncommon,,"Observed 277,435 / 2,000,000 valid simulated Dailies; reproducible positive witness",,,,,VALIDATED MECHANICALLY,NOT CERTIFIED: award tracking + E2E pending
Existing,Exact numbers,Quarter Hour,Reach exactly 15 accumulated points at least once during an official Daily (final score may differ).,Uncommon,14.17565,Prior estimate,Monte Carlo: 2000000 completed Dailies,Live badge; probability is prior simulation estimate.,v2_funny_score_15,,Existing classification / historical simulation,Preserved; prior probability estimate,14.20795,284159,2000000,Uncommon,,"Observed 284,159 / 2,000,000 valid simulated Dailies; reproducible positive witness",,,,,VALIDATED MECHANICALLY,NOT CERTIFIED: award tracking + E2E pending
Existing,Exact numbers,Twenty Twenty,Reach exactly 20 accumulated points at least once during an official Daily (final score may differ).,Rare,7.842,Prior estimate,Monte Carlo: 2000000 completed Dailies,Live badge; probability is prior simulation estimate.,v2_funny_score_20,,Existing classification / historical simulation,Preserved; prior probability estimate,7.8305,156610,2000000,Rare,,"Observed 156,610 / 2,000,000 valid simulated Dailies; reproducible positive witness",,,,,VALIDATED MECHANICALLY,NOT CERTIFIED: award tracking + E2E pending
Existing,Exact numbers,Around the Clock,Reach exactly 24 accumulated points at least once during an official Daily (final score may differ).,Rare,8.37995,Prior estimate,Monte Carlo: 2000000 completed Dailies,Live badge; probability is prior simulation estimate.,v2_funny_score_24,,Existing classification / historical simulation,Preserved; prior probability estimate,8.395,167900,2000000,Rare,,"Observed 167,900 / 2,000,000 valid simulated Dailies; reproducible positive witness",,,,,VALIDATED MECHANICALLY,NOT CERTIFIED: award tracking + E2E pending
Existing,Exact numbers,Quarter Century,Reach exactly 25 accumulated points at least once during an official Daily (final score may differ).,Epic,4.3397,Prior estimate,Monte Carlo: 2000000 completed Dailies,Live badge; probability is prior simulation estimate.,v2_funny_score_25,,Existing classification / historical simulation,Preserved; prior probability estimate,4.29645,85929,2000000,Epic,,"Observed 85,929 / 2,000,000 valid simulated Dailies; reproducible positive witness",,,,,VALIDATED MECHANICALLY,NOT CERTIFIED: award tracking + E2E pending
Existing,Exact numbers,Thirty Flirty,Reach exactly 30 accumulated points at least once during an official Daily (final score may differ).,Rare,6.42925,Prior estimate,Monte Carlo: 2000000 completed Dailies,Live badge; probability is prior simulation estimate.,v2_funny_score_30,,Existing classification / historical simulation,Preserved; prior probability estimate,6.43125,128625,2000000,Rare,,"Observed 128,625 / 2,000,000 valid simulated Dailies; reproducible positive witness",,,,,VALIDATED MECHANICALLY,NOT CERTIFIED: award tracking + E2E pending
Existing,Exact numbers,Double Threes,Reach exactly 33 accumulated points at least once during an official Daily (final score may differ).,Epic,4.91135,Prior estimate,Monte Carlo: 2000000 completed Dailies,Live badge; probability is prior simulation estimate.,v2_funny_score_33,,Existing classification / historical simulation,Preserved; prior probability estimate,4.90565,98113,2000000,Epic,,"Observed 98,113 / 2,000,000 valid simulated Dailies; reproducible positive witness",,,,,VALIDATED MECHANICALLY,NOT CERTIFIED: award tracking + E2E pending
Existing,Exact numbers,Half a Century,Reach exactly 50 accumulated points at least once during an official Daily (final score may differ).,Anomaly,1.35295,Prior estimate,Monte Carlo: 2000000 completed Dailies,Live badge; probability is prior simulation estimate.,v2_funny_score_50,,Existing classification / historical simulation,Preserved; prior probability estimate,1.3441,26882,2000000,Anomaly,,"Observed 26,882 / 2,000,000 valid simulated Dailies; reproducible positive witness",,,,,VALIDATED MECHANICALLY,NOT CERTIFIED: award tracking + E2E pending
Existing,Exact numbers,Double Fives,Reach exactly 55 accumulated points at least once during an official Daily (final score may differ).,Mythic,0.9304,Prior estimate,Monte Carlo: 2000000 completed Dailies,Live badge; probability is prior simulation estimate.,v2_funny_score_55,,Existing classification / historical simulation,Preserved; prior probability estimate,0.92985,18597,2000000,Mythic,,"Observed 18,597 / 2,000,000 valid simulated Dailies; reproducible positive witness",,,,,VALIDATED MECHANICALLY,NOT CERTIFIED: award tracking + E2E pending
Existing,Exact numbers,Double Sixes,Reach exactly 66 accumulated points at least once during an official Daily (final score may differ).,Anomaly,1.4648,Prior estimate,Monte Carlo: 2000000 completed Dailies,Live badge; probability is prior simulation estimate.,v2_funny_score_66,,Existing classification / historical simulation,Preserved; prior probability estimate,1.44475,28895,2000000,Anomaly,,"Observed 28,895 / 2,000,000 valid simulated Dailies; reproducible positive witness",,,,,VALIDATED MECHANICALLY,NOT CERTIFIED: award tracking + E2E pending
Existing,Exact numbers,Seventy Up,Reach exactly 70 accumulated points at least once during an official Daily (final score may differ).,Mythic,0.54065,Prior estimate,Monte Carlo: 2000000 completed Dailies,Live badge; probability is prior simulation estimate.,v2_funny_score_70,,Existing classification / historical simulation,Preserved; prior probability estimate,0.5495,10990,2000000,Mythic,,"Observed 10,990 / 2,000,000 valid simulated Dailies; reproducible positive witness",,,,,VALIDATED MECHANICALLY,NOT CERTIFIED: award tracking + E2E pending
Existing,Exact numbers,Double Lucky,Reach exactly 77 accumulated points at least once during an official Daily (final score may differ).,Mythic,0.37315,Prior estimate,Monte Carlo: 2000000 completed Dailies,Live badge; probability is prior simulation estimate.,v2_funny_score_77,,Existing classification / historical simulation,Preserved; prior probability estimate,0.3715,7430,2000000,Mythic,,"Observed 7,430 / 2,000,000 valid simulated Dailies; reproducible positive witness",,,,,VALIDATED MECHANICALLY,NOT CERTIFIED: award tracking + E2E pending
Existing,Exact numbers,Double Eights,Reach exactly 88 accumulated points at least once during an official Daily (final score may differ).,Mythic,0.31605,Prior estimate,Monte Carlo: 2000000 completed Dailies,Live badge; probability is prior simulation estimate.,v2_funny_score_88,,Existing classification / historical simulation,Preserved; prior probability estimate,0.3083,6166,2000000,Mythic,,"Observed 6,166 / 2,000,000 valid simulated Dailies; reproducible positive witness",,,,,VALIDATED MECHANICALLY,NOT CERTIFIED: award tracking + E2E pending
Existing,Exact numbers,Triple Digits,Reach exactly 100 accumulated points at least once during an official Daily (final score may differ).,Mythic,0.27865,Prior estimate,Monte Carlo: 2000000 completed Dailies,Live badge; probability is prior simulation estimate.,v2_funny_score_100,,Existing classification / historical simulation,Preserved; prior probability estimate,0.2783,5566,2000000,Mythic,,"Observed 5,566 / 2,000,000 valid simulated Dailies; reproducible positive witness",,,,,VALIDATED MECHANICALLY,NOT CERTIFIED: award tracking + E2E pending
Existing,Exact numbers,Introduction to Numbers,Reach exactly 101 accumulated points at least once during an official Daily (final score may differ).,Mythic,0.22015,Prior estimate,Monte Carlo: 2000000 completed Dailies,Live badge; probability is prior simulation estimate.,v2_funny_score_101,,Existing classification / historical simulation,Preserved; prior probability estimate,0.21775,4355,2000000,Mythic,,"Observed 4,355 / 2,000,000 valid simulated Dailies; reproducible positive witness",,,,,VALIDATED MECHANICALLY,NOT CERTIFIED: award tracking + E2E pending
Existing,Exact numbers,Double Century,Reach exactly 200 accumulated points at least once during an official Daily (final score may differ).,Mythic,0.04405,Prior estimate,Monte Carlo: 2000000 completed Dailies,Live badge; probability is prior simulation estimate.,v2_funny_score_200,,Existing classification / historical simulation,Preserved; prior probability estimate,0.04455,891,2000000,Mythic,,"Observed 891 / 2,000,000 valid simulated Dailies; reproducible positive witness",,,,,VALIDATED MECHANICALLY,NOT CERTIFIED: award tracking + E2E pending
Existing,Score rarity,Trash Score,Finish one official Daily with a final score of 0–6.,Trash,,Band only,Current assigned rarity; unchanged from active catalog,Live badge; score tier is based on final score.,v2_score_rarity_trash,,Existing classification / historical simulation,Preserved; prior probability estimate,1.2377,24754,2000000,Trash,,"Observed 24,754 / 2,000,000 valid simulated Dailies; reproducible positive witness",,"Score-tier labels describe score bands, not the independent probability class of a badge; do not reclassify by frequency.",,,VALIDATED MECHANICALLY,NOT CERTIFIED: award tracking + E2E pending
Existing,Score rarity,Common Score,Finish one official Daily with a final score of 7–24.,Common,,Band only,Current assigned rarity; unchanged from active catalog,Live badge; score tier is based on final score.,v2_score_rarity_common,,Existing classification / historical simulation,Preserved; prior probability estimate,49.8306,996612,2000000,Common,,"Observed 996,612 / 2,000,000 valid simulated Dailies; reproducible positive witness",,"Score-tier labels describe score bands, not the independent probability class of a badge; do not reclassify by frequency.",,,VALIDATED MECHANICALLY,NOT CERTIFIED: award tracking + E2E pending
Existing,Score rarity,Uncommon Score,Finish one official Daily with a final score of 25–48.,Uncommon,,Band only,Current assigned rarity; unchanged from active catalog,Live badge; score tier is based on final score.,v2_score_rarity_uncommon,,Existing classification / historical simulation,Preserved; prior probability estimate,24.5132,490264,2000000,Uncommon,,"Observed 490,264 / 2,000,000 valid simulated Dailies; reproducible positive witness",,"Score-tier labels describe score bands, not the independent probability class of a badge; do not reclassify by frequency.",,,VALIDATED MECHANICALLY,NOT CERTIFIED: award tracking + E2E pending
Existing,Score rarity,Rare Score,Finish one official Daily with a final score of 49–92.,Rare,,Band only,Current assigned rarity; unchanged from active catalog,Live badge; score tier is based on final score.,v2_score_rarity_rare,,Existing classification / historical simulation,Preserved; prior probability estimate,14.4704,289408,2000000,Rare,,"Observed 289,408 / 2,000,000 valid simulated Dailies; reproducible positive witness",,"Score-tier labels describe score bands, not the independent probability class of a badge; do not reclassify by frequency.",,,VALIDATED MECHANICALLY,NOT CERTIFIED: award tracking + E2E pending
Existing,Score rarity,Epic Score,Finish one official Daily with a final score of 93–141.,Epic,,Band only,Current assigned rarity; unchanged from active catalog,Live badge; score tier is based on final score.,v2_score_rarity_epic,,Existing classification / historical simulation,Preserved; prior probability estimate,5.00105,100021,2000000,Epic,,"Observed 100,021 / 2,000,000 valid simulated Dailies; reproducible positive witness",,"Score-tier labels describe score bands, not the independent probability class of a badge; do not reclassify by frequency.",,,VALIDATED MECHANICALLY,NOT CERTIFIED: award tracking + E2E pending
Existing,Score rarity,Anomaly Score,Finish one official Daily with a final score of 142–300.,Anomaly,,Band only,Current assigned rarity; unchanged from active catalog,Live badge; score tier is based on final score.,v2_score_rarity_anomaly,,Existing classification / historical simulation,Preserved; prior probability estimate,3.8383,76766,2000000,Anomaly,,"Observed 76,766 / 2,000,000 valid simulated Dailies; reproducible positive witness",,"Score-tier labels describe score bands, not the independent probability class of a badge; do not reclassify by frequency.",,,VALIDATED MECHANICALLY,NOT CERTIFIED: award tracking + E2E pending
Existing,Score rarity,Mythic Score,Finish one official Daily with a final score of at least 301.,Mythic,,Band only,Current assigned rarity; unchanged from active catalog,Live badge; score tier is based on final score.,v2_score_rarity_mythic,,Existing classification / historical simulation,Preserved; prior probability estimate,1.10875,22175,2000000,Mythic,,"Observed 22,175 / 2,000,000 valid simulated Dailies; reproducible positive witness",,"Score-tier labels describe score bands, not the independent probability class of a badge; do not reclassify by frequency.",,,VALIDATED MECHANICALLY,NOT CERTIFIED: award tracking + E2E pending
Existing,Wheel Duck,Duck Collector 2,Land 2 Duck results during one official Daily.,Common,,Band only,Monte Carlo: 2000000 completed Dailies,Live wheel badge.,v2_duck_total_2,,Existing classification / historical simulation,Preserved; prior probability estimate,37.61235,752247,2000000,Common,,"Observed 752,247 / 2,000,000 valid simulated Dailies; reproducible positive witness",,,,,VALIDATED MECHANICALLY,NOT CERTIFIED: award tracking + E2E pending
Existing,Wheel Duck,Duck Collector 3,Land 3 Duck results during one official Daily.,Uncommon,,Band only,Monte Carlo: 2000000 completed Dailies,Live wheel badge.,v2_duck_total_3,,Existing classification / historical simulation,Preserved; prior probability estimate,17.4392,348784,2000000,Uncommon,,"Observed 348,784 / 2,000,000 valid simulated Dailies; reproducible positive witness",,,,,VALIDATED MECHANICALLY,NOT CERTIFIED: award tracking + E2E pending
Existing,Wheel Duck,Duck Collector 4,Land 4 Duck results during one official Daily.,Rare,,Band only,Monte Carlo: 2000000 completed Dailies,Live wheel badge.,v2_duck_total_4,,Existing classification / historical simulation,Preserved; prior probability estimate,7.33105,146621,2000000,Rare,,"Observed 146,621 / 2,000,000 valid simulated Dailies; reproducible positive witness",,,,,VALIDATED MECHANICALLY,NOT CERTIFIED: award tracking + E2E pending
Existing,Wheel Duck,Duck Collector 5,Land 5 Duck results during one official Daily.,Epic,,Band only,Monte Carlo: 2000000 completed Dailies,Live wheel badge.,v2_duck_total_5,,Existing classification / historical simulation,Preserved; prior probability estimate,2.8789,57578,2000000,Epic,,"Observed 57,578 / 2,000,000 valid simulated Dailies; reproducible positive witness",,,,,VALIDATED MECHANICALLY,NOT CERTIFIED: award tracking + E2E pending
Existing,Wheel Duck,Duck Streak 2,Land 2 consecutive Duck results during one official Daily.,Uncommon,,Band only,Monte Carlo: 2000000 completed Dailies,Live wheel badge.,v2_duck_streak_2,,Existing classification / historical simulation,Preserved; prior probability estimate,16.2772,325544,2000000,Uncommon,,"Observed 325,544 / 2,000,000 valid simulated Dailies; reproducible positive witness",,,,,VALIDATED MECHANICALLY,NOT CERTIFIED: award tracking + E2E pending
Existing,Wheel Duck,Duck Streak 3,Land 3 consecutive Duck results during one official Daily.,Epic,,Band only,Monte Carlo: 2000000 completed Dailies,Live wheel badge.,v2_duck_streak_3,,Existing classification / historical simulation,Preserved; prior probability estimate,2.76285,55257,2000000,Epic,,"Observed 55,257 / 2,000,000 valid simulated Dailies; reproducible positive witness",,,,,VALIDATED MECHANICALLY,NOT CERTIFIED: award tracking + E2E pending
Existing,Wheel Duck,Duck Streak 4,Land 4 consecutive Duck results during one official Daily.,Mythic,,Band only,Monte Carlo: 2000000 completed Dailies,Live wheel badge.,v2_duck_streak_4,,Existing classification / historical simulation,Preserved; prior probability estimate,0.4488,8976,2000000,Mythic,,"Observed 8,976 / 2,000,000 valid simulated Dailies; reproducible positive witness",,,,,VALIDATED MECHANICALLY,NOT CERTIFIED: award tracking + E2E pending
Existing,Wheel ×2,×2 Collector 1,Land 1 ×2 results during one official Daily.,Common,,Band only,Monte Carlo: 2000000 completed Dailies,Live wheel badge.,v2_double_total_1,,Existing classification / historical simulation,Preserved; prior probability estimate,46.8724,937448,2000000,Common,,"Observed 937,448 / 2,000,000 valid simulated Dailies; reproducible positive witness",,,,,VALIDATED MECHANICALLY,NOT CERTIFIED: award tracking + E2E pending
Existing,Wheel ×2,×2 Collector 2,Land 2 ×2 results during one official Daily.,Uncommon,,Band only,Monte Carlo: 2000000 completed Dailies,Live wheel badge.,v2_double_total_2,,Existing classification / historical simulation,Preserved; prior probability estimate,15.60835,312167,2000000,Uncommon,,"Observed 312,167 / 2,000,000 valid simulated Dailies; reproducible positive witness",,,,,VALIDATED MECHANICALLY,NOT CERTIFIED: award tracking + E2E pending
Existing,Wheel ×2,×2 Collector 3,Land 3 ×2 results during one official Daily.,Epic,,Band only,Monte Carlo: 2000000 completed Dailies,Live wheel badge.,v2_double_total_3,,Existing classification / historical simulation,Preserved; prior probability estimate,4.2993,85986,2000000,Epic,,"Observed 85,986 / 2,000,000 valid simulated Dailies; reproducible positive witness",,,,,VALIDATED MECHANICALLY,NOT CERTIFIED: award tracking + E2E pending
Existing,Wheel ×2,×2 Streak 2,Land 2 consecutive ×2 results during one official Daily.,Epic,,Band only,Monte Carlo: 2000000 completed Dailies,Live wheel badge.,v2_double_streak_2,,Existing classification / historical simulation,Preserved; prior probability estimate,4.71705,94341,2000000,Epic,,"Observed 94,341 / 2,000,000 valid simulated Dailies; reproducible positive witness",,,,,VALIDATED MECHANICALLY,NOT CERTIFIED: award tracking + E2E pending
Existing,Wheel ×2,×2 Streak 3,Land 3 consecutive ×2 results during one official Daily.,Mythic,,Band only,Monte Carlo: 2000000 completed Dailies,Live wheel badge.,v2_double_streak_3,,Existing classification / historical simulation,Preserved; prior probability estimate,0.3801,7602,2000000,Mythic,,"Observed 7,602 / 2,000,000 valid simulated Dailies; reproducible positive witness",,,,,VALIDATED MECHANICALLY,NOT CERTIFIED: award tracking + E2E pending
Existing,Wheel +2 Spins,+2 Spins Collector 1,Land 1 +2 Spins results during one official Daily.,Common,,Band only,Monte Carlo: 2000000 completed Dailies,Live wheel badge.,v2_spins_total_1,,Existing classification / historical simulation,Preserved; prior probability estimate,43.8463,876926,2000000,Common,,"Observed 876,926 / 2,000,000 valid simulated Dailies; reproducible positive witness",,,,,VALIDATED MECHANICALLY,NOT CERTIFIED: award tracking + E2E pending
Existing,Wheel +2 Spins,+2 Spins Collector 2,Land 2 +2 Spins results during one official Daily.,Uncommon,,Band only,Monte Carlo: 2000000 completed Dailies,Live wheel badge.,v2_spins_total_2,,Existing classification / historical simulation,Preserved; prior probability estimate,16.13595,322719,2000000,Uncommon,,"Observed 322,719 / 2,000,000 valid simulated Dailies; reproducible positive witness",,,,,VALIDATED MECHANICALLY,NOT CERTIFIED: award tracking + E2E pending
Existing,Wheel +2 Spins,+2 Spins Collector 3,Land 3 +2 Spins results during one official Daily.,Rare,,Band only,Monte Carlo: 2000000 completed Dailies,Live wheel badge.,v2_spins_total_3,,Existing classification / historical simulation,Preserved; prior probability estimate,5.53645,110729,2000000,Rare,,"Observed 110,729 / 2,000,000 valid simulated Dailies; reproducible positive witness",,,,,VALIDATED MECHANICALLY,NOT CERTIFIED: award tracking + E2E pending
Existing,Wheel +2 Spins,+2 Spins Collector 4,Land 4 +2 Spins results during one official Daily.,Anomaly,,Band only,Monte Carlo: 2000000 completed Dailies,Live wheel badge.,v2_spins_total_4,,Existing classification / historical simulation,Preserved; prior probability estimate,1.8394,36788,2000000,Anomaly,,"Observed 36,788 / 2,000,000 valid simulated Dailies; reproducible positive witness",,,,,VALIDATED MECHANICALLY,NOT CERTIFIED: award tracking + E2E pending
Existing,Wheel +2 Spins,+2 Spins Streak 2,Land 2 consecutive +2 Spins results during one official Daily.,Epic,,Band only,Monte Carlo: 2000000 completed Dailies,Live wheel badge.,v2_spins_streak_2,,Existing classification / historical simulation,Preserved; prior probability estimate,4.6957,93914,2000000,Epic,,"Observed 93,914 / 2,000,000 valid simulated Dailies; reproducible positive witness",,,,,VALIDATED MECHANICALLY,NOT CERTIFIED: award tracking + E2E pending
Existing,Wheel +2 Spins,+2 Spins Streak 3,Land 3 consecutive +2 Spins results during one official Daily.,Mythic,,Band only,Monte Carlo: 2000000 completed Dailies,Live wheel badge.,v2_spins_streak_3,,Existing classification / historical simulation,Preserved; prior probability estimate,0.37855,7571,2000000,Mythic,,"Observed 7,571 / 2,000,000 valid simulated Dailies; reproducible positive witness",,,,,VALIDATED MECHANICALLY,NOT CERTIFIED: award tracking + E2E pending
Existing,Wheel Upgrade,Upgrade Collector 1,Land 1 Upgrade results during one official Daily.,Common,,Band only,Monte Carlo: 2000000 completed Dailies,Live wheel badge.,v2_upgrade_total_1,,Existing classification / historical simulation,Preserved; prior probability estimate,52.9654,1059308,2000000,Common,,"Observed 1,059,308 / 2,000,000 valid simulated Dailies; reproducible positive witness",,,,,VALIDATED MECHANICALLY,NOT CERTIFIED: award tracking + E2E pending
Existing,Wheel Upgrade,Upgrade Collector 2,Land 2 Upgrade results during one official Daily.,Uncommon,,Band only,Monte Carlo: 2000000 completed Dailies,Live wheel badge.,v2_upgrade_total_2,,Existing classification / historical simulation,Preserved; prior probability estimate,13.3378,266756,2000000,Uncommon,,"Observed 266,756 / 2,000,000 valid simulated Dailies; reproducible positive witness",,,,,VALIDATED MECHANICALLY,NOT CERTIFIED: award tracking + E2E pending
Existing,Wheel Upgrade,Upgrade Collector 3,Land 3 Upgrade results during one official Daily.,Anomaly,,Band only,Monte Carlo: 2000000 completed Dailies,Live wheel badge.,v2_upgrade_total_3,,Existing classification / historical simulation,Preserved; prior probability estimate,1.86205,37241,2000000,Anomaly,,"Observed 37,241 / 2,000,000 valid simulated Dailies; reproducible positive witness",,,,,VALIDATED MECHANICALLY,NOT CERTIFIED: award tracking + E2E pending
Existing,Wheel Upgrade,Upgrade Streak 2,Land 2 consecutive Upgrade results during one official Daily.,Epic,,Band only,Monte Carlo: 2000000 completed Dailies,Live wheel badge.,v2_upgrade_streak_2,,Existing classification / historical simulation,Preserved; prior probability estimate,3.6031,72062,2000000,Epic,,"Observed 72,062 / 2,000,000 valid simulated Dailies; reproducible positive witness",,,,,VALIDATED MECHANICALLY,NOT CERTIFIED: award tracking + E2E pending
Proposed,Exact numbers,Just One,Reach exactly 1 accumulated points at least once during one official Daily; the final score may be higher.,Common,37.4491,Monte Carlo estimate,Monte Carlo: 2000000 completed Dailies,Probability must be simulated; ensure name is distinct from existing numeric badge.,idea_exact_1,,"Per completed Daily: reach condition at least once; 1,000,000-run wheel simulation",Provisional; needs end-to-end evaluation,37.49475,749895,2000000,Common,,"Observed 749,895 / 2,000,000 valid simulated Dailies; reproducible positive witness",,,,,VALIDATED MECHANICALLY,NOT CERTIFIED: award tracking + E2E pending
Proposed,Exact numbers,Two of a Kind,Reach exactly 2 accumulated points at least once during one official Daily; the final score may be higher.,Common,41.9213,Monte Carlo estimate,Monte Carlo: 2000000 completed Dailies,Probability must be simulated; ensure name is distinct from existing numeric badge.,idea_exact_2,,"Per completed Daily: reach condition at least once; 1,000,000-run wheel simulation",Provisional; needs end-to-end evaluation,41.98315,839663,2000000,Common,,"Observed 839,663 / 2,000,000 valid simulated Dailies; reproducible positive witness",,,,,VALIDATED MECHANICALLY,NOT CERTIFIED: award tracking + E2E pending
Proposed,Exact numbers,Three's Company,Reach exactly 3 accumulated points at least once during one official Daily; the final score may be higher.,Common,38.5699,Monte Carlo estimate,Monte Carlo: 2000000 completed Dailies,Probability must be simulated; ensure name is distinct from existing numeric badge.,idea_exact_3,,"Per completed Daily: reach condition at least once; 1,000,000-run wheel simulation",Provisional; needs end-to-end evaluation,38.58565,771713,2000000,Common,,"Observed 771,713 / 2,000,000 valid simulated Dailies; reproducible positive witness",,,,,VALIDATED MECHANICALLY,NOT CERTIFIED: award tracking + E2E pending
Proposed,Exact numbers,Fantastic Four,Reach exactly 4 accumulated points at least once during one official Daily; the final score may be higher.,Common,31.2616,Monte Carlo estimate,Monte Carlo: 2000000 completed Dailies,Probability must be simulated; ensure name is distinct from existing numeric badge.,idea_exact_4,,"Per completed Daily: reach condition at least once; 1,000,000-run wheel simulation",Provisional; needs end-to-end evaluation,31.1483,622966,2000000,Common,,"Observed 622,966 / 2,000,000 valid simulated Dailies; reproducible positive witness",,,,,VALIDATED MECHANICALLY,NOT CERTIFIED: award tracking + E2E pending
Proposed,Exact numbers,Sixth Sense,Reach exactly 6 accumulated points at least once during one official Daily; the final score may be higher.,Common,35.6314,Monte Carlo estimate,Monte Carlo: 2000000 completed Dailies,Probability must be simulated; ensure name is distinct from existing numeric badge.,idea_exact_6,,"Per completed Daily: reach condition at least once; 1,000,000-run wheel simulation",Provisional; needs end-to-end evaluation,35.69965,713993,2000000,Common,,"Observed 713,993 / 2,000,000 valid simulated Dailies; reproducible positive witness",,,,,VALIDATED MECHANICALLY,NOT CERTIFIED: award tracking + E2E pending
Proposed,Exact numbers,Eight Is Great,Reach exactly 8 accumulated points at least once during one official Daily; the final score may be higher.,Uncommon,28.1895,Monte Carlo estimate,Monte Carlo: 2000000 completed Dailies,Probability must be simulated; ensure name is distinct from existing numeric badge.,idea_exact_8,,"Per completed Daily: reach condition at least once; 1,000,000-run wheel simulation",Provisional; needs end-to-end evaluation,28.1629,563258,2000000,Uncommon,,"Observed 563,258 / 2,000,000 valid simulated Dailies; reproducible positive witness",,,,,VALIDATED MECHANICALLY,NOT CERTIFIED: award tracking + E2E pending
Proposed,Exact numbers,Cloud Nine,Reach exactly 9 accumulated points at least once during one official Daily; the final score may be higher.,Uncommon,25.6604,Monte Carlo estimate,Monte Carlo: 2000000 completed Dailies,Probability must be simulated; ensure name is distinct from existing numeric badge.,idea_exact_9,,"Per completed Daily: reach condition at least once; 1,000,000-run wheel simulation",Provisional; needs end-to-end evaluation,25.63665,512733,2000000,Uncommon,,"Observed 512,733 / 2,000,000 valid simulated Dailies; reproducible positive witness",,,,,VALIDATED MECHANICALLY,NOT CERTIFIED: award tracking + E2E pending
Proposed,Exact numbers,Two Weeks,Reach exactly 14 accumulated points at least once during one official Daily; the final score may be higher.,Uncommon,14.0367,Monte Carlo estimate,Monte Carlo: 2000000 completed Dailies,Probability must be simulated; ensure name is distinct from existing numeric badge.,idea_exact_14,,"Per completed Daily: reach condition at least once; 1,000,000-run wheel simulation",Provisional; needs end-to-end evaluation,14.01045,280209,2000000,Uncommon,,"Observed 280,209 / 2,000,000 valid simulated Dailies; reproducible positive witness",,,,,VALIDATED MECHANICALLY,NOT CERTIFIED: award tracking + E2E pending
Proposed,Exact numbers,Sweet Sixteen,Reach exactly 16 accumulated points at least once during one official Daily; the final score may be higher.,Uncommon,11.4834,Monte Carlo estimate,Monte Carlo: 2000000 completed Dailies,Probability must be simulated; ensure name is distinct from existing numeric badge.,idea_exact_16,,"Per completed Daily: reach condition at least once; 1,000,000-run wheel simulation",Provisional; needs end-to-end evaluation,11.5164,230328,2000000,Uncommon,,"Observed 230,328 / 2,000,000 valid simulated Dailies; reproducible positive witness",,,,,VALIDATED MECHANICALLY,NOT CERTIFIED: award tracking + E2E pending
Proposed,Exact numbers,Seventeen Again,Reach exactly 17 accumulated points at least once during one official Daily; the final score may be higher.,Rare,8.4577,Monte Carlo estimate,Monte Carlo: 2000000 completed Dailies,Probability must be simulated; ensure name is distinct from existing numeric badge.,idea_exact_17,,"Per completed Daily: reach condition at least once; 1,000,000-run wheel simulation",Provisional; needs end-to-end evaluation,8.4953,169906,2000000,Rare,,"Observed 169,906 / 2,000,000 valid simulated Dailies; reproducible positive witness",,,,,VALIDATED MECHANICALLY,NOT CERTIFIED: award tracking + E2E pending
Proposed,Exact numbers,Finally Eighteen,Reach exactly 18 accumulated points at least once during one official Daily; the final score may be higher.,Uncommon,11.949,Monte Carlo estimate,Monte Carlo: 2000000 completed Dailies,Probability must be simulated; ensure name is distinct from existing numeric badge.,idea_exact_18,,"Per completed Daily: reach condition at least once; 1,000,000-run wheel simulation",Provisional; needs end-to-end evaluation,11.9602,239204,2000000,Uncommon,,"Observed 239,204 / 2,000,000 valid simulated Dailies; reproducible positive witness",,,,,VALIDATED MECHANICALLY,NOT CERTIFIED: award tracking + E2E pending
Proposed,Exact numbers,Nineteen Ninety-Nine-ish,Reach exactly 19 accumulated points at least once during one official Daily; the final score may be higher.,Rare,6.7481,Monte Carlo estimate,Monte Carlo: 2000000 completed Dailies,Probability must be simulated; ensure name is distinct from existing numeric badge.,idea_exact_19,,"Per completed Daily: reach condition at least once; 1,000,000-run wheel simulation",Provisional; needs end-to-end evaluation,6.77475,135495,2000000,Rare,,"Observed 135,495 / 2,000,000 valid simulated Dailies; reproducible positive witness",,,,,VALIDATED MECHANICALLY,NOT CERTIFIED: award tracking + E2E pending
Proposed,Exact numbers,Double Deuces,Reach exactly 22 accumulated points at least once during one official Daily; the final score may be higher.,Rare,6.2262,Monte Carlo estimate,Monte Carlo: 2000000 completed Dailies,Probability must be simulated; ensure name is distinct from existing numeric badge.,idea_exact_22,,"Per completed Daily: reach condition at least once; 1,000,000-run wheel simulation",Provisional; needs end-to-end evaluation,6.18515,123703,2000000,Rare,,"Observed 123,703 / 2,000,000 valid simulated Dailies; reproducible positive witness",,,,,VALIDATED MECHANICALLY,NOT CERTIFIED: award tracking + E2E pending
Proposed,Exact numbers,Twenty-Three,Reach exactly 23 accumulated points at least once during one official Daily; the final score may be higher.,Epic,4.8421,Monte Carlo estimate,Monte Carlo: 2000000 completed Dailies,Probability must be simulated; ensure name is distinct from existing numeric badge.,idea_exact_23,,"Per completed Daily: reach condition at least once; 1,000,000-run wheel simulation",Provisional; needs end-to-end evaluation,4.82675,96535,2000000,Epic,,"Observed 96,535 / 2,000,000 valid simulated Dailies; reproducible positive witness",,,,,VALIDATED MECHANICALLY,NOT CERTIFIED: award tracking + E2E pending
Proposed,Exact numbers,Twenty-Six Letters,Reach exactly 26 accumulated points at least once during one official Daily; the final score may be higher.,Epic,4.6609,Monte Carlo estimate,Monte Carlo: 2000000 completed Dailies,Probability must be simulated; ensure name is distinct from existing numeric badge.,idea_exact_26,,"Per completed Daily: reach condition at least once; 1,000,000-run wheel simulation",Provisional; needs end-to-end evaluation,4.6805,93610,2000000,Epic,,"Observed 93,610 / 2,000,000 valid simulated Dailies; reproducible positive witness",,,,,VALIDATED MECHANICALLY,NOT CERTIFIED: award tracking + E2E pending
Proposed,Exact numbers,Three Cubed,Reach exactly 27 accumulated points at least once during one official Daily; the final score may be higher.,Rare,6.1087,Monte Carlo estimate,Monte Carlo: 2000000 completed Dailies,Probability must be simulated; ensure name is distinct from existing numeric badge.,idea_exact_27,,"Per completed Daily: reach condition at least once; 1,000,000-run wheel simulation",Provisional; needs end-to-end evaluation,6.11575,122315,2000000,Rare,,"Observed 122,315 / 2,000,000 valid simulated Dailies; reproducible positive witness",,,,,VALIDATED MECHANICALLY,NOT CERTIFIED: award tracking + E2E pending
Proposed,Exact numbers,February Forever,Reach exactly 28 accumulated points at least once during one official Daily; the final score may be higher.,Epic,4.2038,Monte Carlo estimate,Monte Carlo: 2000000 completed Dailies,Probability must be simulated; ensure name is distinct from existing numeric badge.,idea_exact_28,,"Per completed Daily: reach condition at least once; 1,000,000-run wheel simulation",Provisional; needs end-to-end evaluation,4.2033,84066,2000000,Epic,,"Observed 84,066 / 2,000,000 valid simulated Dailies; reproducible positive witness",,,,,VALIDATED MECHANICALLY,NOT CERTIFIED: award tracking + E2E pending
Proposed,Exact numbers,Thirty-Two Bits,Reach exactly 32 accumulated points at least once during one official Daily; the final score may be higher.,Epic,3.52,Monte Carlo estimate,Monte Carlo: 2000000 completed Dailies,Probability must be simulated; ensure name is distinct from existing numeric badge.,idea_exact_32,,"Per completed Daily: reach condition at least once; 1,000,000-run wheel simulation",Provisional; needs end-to-end evaluation,3.5099,70198,2000000,Epic,,"Observed 70,198 / 2,000,000 valid simulated Dailies; reproducible positive witness",,,,,VALIDATED MECHANICALLY,NOT CERTIFIED: award tracking + E2E pending
Proposed,Exact numbers,Thirty-Four,Reach exactly 34 accumulated points at least once during one official Daily; the final score may be higher.,Epic,2.9471,Monte Carlo estimate,Monte Carlo: 2000000 completed Dailies,Probability must be simulated; ensure name is distinct from existing numeric badge.,idea_exact_34,,"Per completed Daily: reach condition at least once; 1,000,000-run wheel simulation",Provisional; needs end-to-end evaluation,2.9551,59102,2000000,Epic,,"Observed 59,102 / 2,000,000 valid simulated Dailies; reproducible positive witness",,,,,VALIDATED MECHANICALLY,NOT CERTIFIED: award tracking + E2E pending
Proposed,Exact numbers,Square Six,Reach exactly 36 accumulated points at least once during one official Daily; the final score may be higher.,Rare,5.1104,Monte Carlo estimate,Monte Carlo: 2000000 completed Dailies,Probability must be simulated; ensure name is distinct from existing numeric badge.,idea_exact_36,,"Per completed Daily: reach condition at least once; 1,000,000-run wheel simulation",Provisional; needs end-to-end evaluation,5.05595,101119,2000000,Rare,,"Observed 101,119 / 2,000,000 valid simulated Dailies; reproducible positive witness",,,,,VALIDATED MECHANICALLY,NOT CERTIFIED: award tracking + E2E pending
Proposed,Exact numbers,Over the Hill,Reach exactly 40 accumulated points at least once during one official Daily; the final score may be higher.,Epic,2.3092,Monte Carlo estimate,Monte Carlo: 2000000 completed Dailies,Probability must be simulated; ensure name is distinct from existing numeric badge.,idea_exact_40,,"Per completed Daily: reach condition at least once; 1,000,000-run wheel simulation",Provisional; needs end-to-end evaluation,2.3115,46230,2000000,Epic,,"Observed 46,230 / 2,000,000 valid simulated Dailies; reproducible positive witness",,,,,VALIDATED MECHANICALLY,NOT CERTIFIED: award tracking + E2E pending
Proposed,Exact numbers,Forty-Four,Reach exactly 44 accumulated points at least once during one official Daily; the final score may be higher.,Anomaly,1.7766,Monte Carlo estimate,Monte Carlo: 2000000 completed Dailies,Probability must be simulated; ensure name is distinct from existing numeric badge.,idea_exact_44,,"Per completed Daily: reach condition at least once; 1,000,000-run wheel simulation",Provisional; needs end-to-end evaluation,1.8072,36144,2000000,Anomaly,,"Observed 36,144 / 2,000,000 valid simulated Dailies; reproducible positive witness",,,,,VALIDATED MECHANICALLY,NOT CERTIFIED: award tracking + E2E pending
Proposed,Exact numbers,Seven Squared,Reach exactly 49 accumulated points at least once during one official Daily; the final score may be higher.,Anomaly,1.2268,Monte Carlo estimate,Monte Carlo: 2000000 completed Dailies,Probability must be simulated; ensure name is distinct from existing numeric badge.,idea_exact_49,,"Per completed Daily: reach condition at least once; 1,000,000-run wheel simulation",Provisional; needs end-to-end evaluation,1.2154,24308,2000000,Anomaly,,"Observed 24,308 / 2,000,000 valid simulated Dailies; reproducible positive witness",,,,,VALIDATED MECHANICALLY,NOT CERTIFIED: award tracking + E2E pending
Proposed,Exact numbers,One Minute,Reach exactly 60 accumulated points at least once during one official Daily; the final score may be higher.,Anomaly,1.9048,Monte Carlo estimate,Monte Carlo: 2000000 completed Dailies,Probability must be simulated; ensure name is distinct from existing numeric badge.,idea_exact_60,,"Per completed Daily: reach condition at least once; 1,000,000-run wheel simulation",Provisional; needs end-to-end evaluation,1.89755,37951,2000000,Anomaly,,"Observed 37,951 / 2,000,000 valid simulated Dailies; reproducible positive witness",,,,,VALIDATED MECHANICALLY,NOT CERTIFIED: award tracking + E2E pending
Proposed,Exact numbers,Sixty-Four Bits,Reach exactly 64 accumulated points at least once during one official Daily; the final score may be higher.,Mythic,0.7725,Monte Carlo estimate,Monte Carlo: 2000000 completed Dailies,Probability must be simulated; ensure name is distinct from existing numeric badge.,idea_exact_64,,"Per completed Daily: reach condition at least once; 1,000,000-run wheel simulation",Provisional; needs end-to-end evaluation,0.7769,15538,2000000,Mythic,,"Observed 15,538 / 2,000,000 valid simulated Dailies; reproducible positive witness",,,,,VALIDATED MECHANICALLY,NOT CERTIFIED: award tracking + E2E pending
Proposed,Exact numbers,Nine Squared,Reach exactly 81 accumulated points at least once during one official Daily; the final score may be higher.,Mythic,0.9258,Monte Carlo estimate,Monte Carlo: 2000000 completed Dailies,Probability must be simulated; ensure name is distinct from existing numeric badge.,idea_exact_81,,"Per completed Daily: reach condition at least once; 1,000,000-run wheel simulation",Provisional; needs end-to-end evaluation,0.912,18240,2000000,Mythic,,"Observed 18,240 / 2,000,000 valid simulated Dailies; reproducible positive witness",,,,,VALIDATED MECHANICALLY,NOT CERTIFIED: award tracking + E2E pending
Proposed,Wheel combinations,Duck Sandwich,"Get these consecutive spin-result types, in this exact order, during one official Daily: Duck → number → Duck.",Rare,9.6868,Monte Carlo estimate,Monte Carlo: 2000000 completed Dailies,Run a combination probability simulation; all listed types have positive landing probability.,idea_seq_94,,"Per completed Daily: reach condition at least once; 1,000,000-run wheel simulation",Provisional; needs end-to-end evaluation,9.63005,192601,2000000,Rare,,"Observed 192,601 / 2,000,000 valid simulated Dailies; reproducible positive witness",,,,,VALIDATED MECHANICALLY,NOT CERTIFIED: award tracking + E2E pending
Proposed,Wheel combinations,Double Duck,"Get these consecutive spin-result types, in this exact order, during one official Daily: ×2 → Duck.",Rare,9.8627,Monte Carlo estimate,Monte Carlo: 2000000 completed Dailies,Run a combination probability simulation; all listed types have positive landing probability.,idea_seq_95,,"Per completed Daily: reach condition at least once; 1,000,000-run wheel simulation",Provisional; needs end-to-end evaluation,9.86455,197291,2000000,Rare,,"Observed 197,291 / 2,000,000 valid simulated Dailies; reproducible positive witness",,,,,VALIDATED MECHANICALLY,NOT CERTIFIED: award tracking + E2E pending
Proposed,Wheel combinations,Duck Double,"Get these consecutive spin-result types, in this exact order, during one official Daily: Duck → ×2.",Rare,9.8986,Monte Carlo estimate,Monte Carlo: 2000000 completed Dailies,Run a combination probability simulation; all listed types have positive landing probability.,idea_seq_96,,"Per completed Daily: reach condition at least once; 1,000,000-run wheel simulation",Provisional; needs end-to-end evaluation,9.8579,197158,2000000,Rare,,"Observed 197,158 / 2,000,000 valid simulated Dailies; reproducible positive witness",,,,,VALIDATED MECHANICALLY,NOT CERTIFIED: award tracking + E2E pending
Proposed,Wheel combinations,Upgrade Then Double,"Get these consecutive spin-result types, in this exact order, during one official Daily: Upgrade → ×2.",Epic,3.6829,Monte Carlo estimate,Monte Carlo: 2000000 completed Dailies,Run a combination probability simulation; all listed types have positive landing probability.,idea_seq_97,,"Per completed Daily: reach condition at least once; 1,000,000-run wheel simulation",Provisional; needs end-to-end evaluation,3.71455,74291,2000000,Epic,,"Observed 74,291 / 2,000,000 valid simulated Dailies; reproducible positive witness",,,,,VALIDATED MECHANICALLY,NOT CERTIFIED: award tracking + E2E pending
Proposed,Wheel combinations,Double Then Upgrade,"Get these consecutive spin-result types, in this exact order, during one official Daily: ×2 → Upgrade.",Rare,5.1773,Monte Carlo estimate,Monte Carlo: 2000000 completed Dailies,Run a combination probability simulation; all listed types have positive landing probability.,idea_seq_98,,"Per completed Daily: reach condition at least once; 1,000,000-run wheel simulation",Provisional; needs end-to-end evaluation,5.18065,103613,2000000,Rare,,"Observed 103,613 / 2,000,000 valid simulated Dailies; reproducible positive witness",,,,,VALIDATED MECHANICALLY,NOT CERTIFIED: award tracking + E2E pending
Proposed,Wheel combinations,Bonus Bookends,Get these consecutive spin-result types in one official Daily: +2 Spins → Duck → +2 Spins.,Mythic,0.8138,Monte Carlo estimate,Monte Carlo: 2000000 completed Dailies,Run a combination probability simulation; all listed types have positive landing probability. Replaces exact duplicate of existing +2 Spins Streak 2.,idea_seq_99,,"Per completed Daily: reach condition at least once; 1,000,000-run wheel simulation",Provisional; needs end-to-end evaluation,0.82395,16479,2000000,Mythic,,"Observed 16,479 / 2,000,000 valid simulated Dailies; reproducible positive witness",,,,,VALIDATED MECHANICALLY,NOT CERTIFIED: award tracking + E2E pending
Proposed,Wheel combinations,Freebie Parade,"Get these consecutive spin-result types, in this exact order, during one official Daily: Duck → ×2 → Duck.",Anomaly,1.6395,Monte Carlo estimate,Monte Carlo: 2000000 completed Dailies,Run a combination probability simulation; all listed types have positive landing probability.,idea_seq_100,,"Per completed Daily: reach condition at least once; 1,000,000-run wheel simulation",Provisional; needs end-to-end evaluation,1.6269,32538,2000000,Anomaly,,"Observed 32,538 / 2,000,000 valid simulated Dailies; reproducible positive witness",,,,,VALIDATED MECHANICALLY,NOT CERTIFIED: award tracking + E2E pending
Proposed,Wheel combinations,Triple Threat,"Get these consecutive spin-result types, in this exact order, during one official Daily: Duck → ×2 → +2 Spins.",Mythic,0.8163,Monte Carlo estimate,Monte Carlo: 2000000 completed Dailies,Run a combination probability simulation; all listed types have positive landing probability.,idea_seq_101,,"Per completed Daily: reach condition at least once; 1,000,000-run wheel simulation",Provisional; needs end-to-end evaluation,0.8185,16370,2000000,Mythic,,"Observed 16,370 / 2,000,000 valid simulated Dailies; reproducible positive witness",,,,,VALIDATED MECHANICALLY,NOT CERTIFIED: award tracking + E2E pending
Proposed,Wheel combinations,Special Delivery,"Get these consecutive spin-result types, in this exact order, during one official Daily: Upgrade → +2 Spins → Duck.",Mythic,0.4167,Monte Carlo estimate,Monte Carlo: 2000000 completed Dailies,Run a combination probability simulation; all listed types have positive landing probability.,idea_seq_102,,"Per completed Daily: reach condition at least once; 1,000,000-run wheel simulation",Provisional; needs end-to-end evaluation,0.41255,8251,2000000,Mythic,,"Observed 8,251 / 2,000,000 valid simulated Dailies; reproducible positive witness",,,,,VALIDATED MECHANICALLY,NOT CERTIFIED: award tracking + E2E pending
Proposed,Wheel combinations,Duck Upgrade Duck,"Get these consecutive spin-result types, in this exact order, during one official Daily: Duck → Upgrade → Duck.",Anomaly,1.1716,Monte Carlo estimate,Monte Carlo: 2000000 completed Dailies,Run a combination probability simulation; all listed types have positive landing probability.,idea_seq_103,,"Per completed Daily: reach condition at least once; 1,000,000-run wheel simulation",Provisional; needs end-to-end evaluation,1.1729,23458,2000000,Anomaly,,"Observed 23,458 / 2,000,000 valid simulated Dailies; reproducible positive witness",,,,,VALIDATED MECHANICALLY,NOT CERTIFIED: award tracking + E2E pending
Proposed,Wheel combinations,The Accelerator,"Get these consecutive spin-result types, in this exact order, during one official Daily: ×2 → Upgrade → ×2.",Mythic,0.2902,Monte Carlo estimate,Monte Carlo: 2000000 completed Dailies,Run a combination probability simulation; all listed types have positive landing probability.,idea_seq_104,,"Per completed Daily: reach condition at least once; 1,000,000-run wheel simulation",Provisional; needs end-to-end evaluation,0.29295,5859,2000000,Mythic,,"Observed 5,859 / 2,000,000 valid simulated Dailies; reproducible positive witness",,,,,VALIDATED MECHANICALLY,NOT CERTIFIED: award tracking + E2E pending
Proposed,Wheel combinations,The Detour,"Get these consecutive spin-result types, in this exact order, during one official Daily: number → Duck → number.",Common,36.2457,Monte Carlo estimate,Monte Carlo: 2000000 completed Dailies,Run a combination probability simulation; all listed types have positive landing probability.,idea_seq_105,,"Per completed Daily: reach condition at least once; 1,000,000-run wheel simulation",Provisional; needs end-to-end evaluation,36.30915,726183,2000000,Common,,"Observed 726,183 / 2,000,000 valid simulated Dailies; reproducible positive witness",,,,,VALIDATED MECHANICALLY,NOT CERTIFIED: award tracking + E2E pending
Proposed,Wheel combinations,Back on Track,"Get these consecutive spin-result types, in this exact order, during one official Daily: number → Upgrade → number.",Uncommon,23.5461,Monte Carlo estimate,Monte Carlo: 2000000 completed Dailies,Run a combination probability simulation; all listed types have positive landing probability.,idea_seq_106,,"Per completed Daily: reach condition at least once; 1,000,000-run wheel simulation",Provisional; needs end-to-end evaluation,23.5762,471524,2000000,Uncommon,,"Observed 471,524 / 2,000,000 valid simulated Dailies; reproducible positive witness",,,,,VALIDATED MECHANICALLY,NOT CERTIFIED: award tracking + E2E pending
Proposed,Wheel combinations,Ups And Downs,"Get these consecutive spin-result types, in this exact order, during one official Daily: Upgrade → number → ×2.",Epic,2.3022,Monte Carlo estimate,Monte Carlo: 2000000 completed Dailies,Run a combination probability simulation; all listed types have positive landing probability.,idea_seq_107,,"Per completed Daily: reach condition at least once; 1,000,000-run wheel simulation",Provisional; needs end-to-end evaluation,2.2887,45774,2000000,Epic,,"Observed 45,774 / 2,000,000 valid simulated Dailies; reproducible positive witness",,,,,VALIDATED MECHANICALLY,NOT CERTIFIED: award tracking + E2E pending
Proposed,Wheel combinations,Duck Duck Number,"Get these consecutive spin-result types, in this exact order, during one official Daily: Duck → Duck → number.",Uncommon,12.0955,Monte Carlo estimate,Monte Carlo: 2000000 completed Dailies,Run a combination probability simulation; all listed types have positive landing probability.,idea_seq_108,,"Per completed Daily: reach condition at least once; 1,000,000-run wheel simulation",Provisional; needs end-to-end evaluation,12.03015,240603,2000000,Uncommon,,"Observed 240,603 / 2,000,000 valid simulated Dailies; reproducible positive witness",,,,,VALIDATED MECHANICALLY,NOT CERTIFIED: award tracking + E2E pending
Proposed,Wheel combinations,Upward Duck,"Get these consecutive spin-result types, in this exact order, during one official Daily: Upgrade → Duck.",Rare,7.3276,Monte Carlo estimate,Monte Carlo: 2000000 completed Dailies,Run a combination probability simulation; all listed types have positive landing probability.,idea_seq_109,,"Per completed Daily: reach condition at least once; 1,000,000-run wheel simulation",Provisional; needs end-to-end evaluation,7.35075,147015,2000000,Rare,,"Observed 147,015 / 2,000,000 valid simulated Dailies; reproducible positive witness",,,,,VALIDATED MECHANICALLY,NOT CERTIFIED: award tracking + E2E pending
Proposed,Wheel combinations,Pond Multiplier,"Get these consecutive spin-result types, in this exact order, during one official Daily: Duck → Duck → ×2.",Anomaly,1.6452,Monte Carlo estimate,Monte Carlo: 2000000 completed Dailies,Run a combination probability simulation; all listed types have positive landing probability.,idea_seq_110,,"Per completed Daily: reach condition at least once; 1,000,000-run wheel simulation",Provisional; needs end-to-end evaluation,1.637,32740,2000000,Anomaly,,"Observed 32,740 / 2,000,000 valid simulated Dailies; reproducible positive witness",,,,,VALIDATED MECHANICALLY,NOT CERTIFIED: award tracking + E2E pending
Proposed,Wheel combinations,A Little Extra,"Get these consecutive spin-result types, in this exact order, during one official Daily: number → +2 Spins → number.",Uncommon,18.9634,Monte Carlo estimate,Monte Carlo: 2000000 completed Dailies,Run a combination probability simulation; all listed types have positive landing probability.,idea_seq_111,,"Per completed Daily: reach condition at least once; 1,000,000-run wheel simulation",Provisional; needs end-to-end evaluation,18.87105,377421,2000000,Uncommon,,"Observed 377,421 / 2,000,000 valid simulated Dailies; reproducible positive witness",,,,,VALIDATED MECHANICALLY,NOT CERTIFIED: award tracking + E2E pending
Proposed,Wheel combinations,Spin Sandwich,"Get these consecutive spin-result types, in this exact order, during one official Daily: +2 Spins → number → +2 Spins.",Epic,2.98,Monte Carlo estimate,Monte Carlo: 2000000 completed Dailies,Run a combination probability simulation; all listed types have positive landing probability.,idea_seq_112,,"Per completed Daily: reach condition at least once; 1,000,000-run wheel simulation",Provisional; needs end-to-end evaluation,2.9661,59322,2000000,Epic,,"Observed 59,322 / 2,000,000 valid simulated Dailies; reproducible positive witness",,,,,VALIDATED MECHANICALLY,NOT CERTIFIED: award tracking + E2E pending
Proposed,Wheel combinations,Three Specials,"Get these consecutive spin-result types, in this exact order, during one official Daily: Duck → Upgrade → +2 Spins.",Mythic,0.5915,Monte Carlo estimate,Monte Carlo: 2000000 completed Dailies,Run a combination probability simulation; all listed types have positive landing probability.,idea_seq_113,,"Per completed Daily: reach condition at least once; 1,000,000-run wheel simulation",Provisional; needs end-to-end evaluation,0.5867,11734,2000000,Mythic,,"Observed 11,734 / 2,000,000 valid simulated Dailies; reproducible positive witness",,,,,VALIDATED MECHANICALLY,NOT CERTIFIED: award tracking + E2E pending
Proposed,Wheel combinations,Lucky Interrupt,"Get these consecutive spin-result types, in this exact order, during one official Daily: ×2 → Duck → ×2.",Mythic,0.8152,Monte Carlo estimate,Monte Carlo: 2000000 completed Dailies,Run a combination probability simulation; all listed types have positive landing probability.,idea_seq_114,,"Per completed Daily: reach condition at least once; 1,000,000-run wheel simulation",Provisional; needs end-to-end evaluation,0.7997,15994,2000000,Mythic,,"Observed 15,994 / 2,000,000 valid simulated Dailies; reproducible positive witness",,,,,VALIDATED MECHANICALLY,NOT CERTIFIED: award tracking + E2E pending
Proposed,Wheel combinations,The Upgrade Train,"Get these consecutive spin-result types, in this exact order, during one official Daily: number → Upgrade → Upgrade.",Anomaly,1.91,Monte Carlo estimate,Monte Carlo: 2000000 completed Dailies,Run a combination probability simulation; all listed types have positive landing probability.,idea_seq_115,,"Per completed Daily: reach condition at least once; 1,000,000-run wheel simulation",Provisional; needs end-to-end evaluation,1.9343,38686,2000000,Anomaly,,"Observed 38,686 / 2,000,000 valid simulated Dailies; reproducible positive witness",,,,,VALIDATED MECHANICALLY,NOT CERTIFIED: award tracking + E2E pending
Proposed,Wheel combinations,Duck Crossing,"Get these consecutive spin-result types, in this exact order, during one official Daily: number → Duck → Duck.",Uncommon,10.348,Monte Carlo estimate,Monte Carlo: 2000000 completed Dailies,Run a combination probability simulation; all listed types have positive landing probability.,idea_seq_116,,"Per completed Daily: reach condition at least once; 1,000,000-run wheel simulation",Provisional; needs end-to-end evaluation,10.31675,206335,2000000,Uncommon,,"Observed 206,335 / 2,000,000 valid simulated Dailies; reproducible positive witness",,,,,VALIDATED MECHANICALLY,NOT CERTIFIED: award tracking + E2E pending
Proposed,Wheel combinations,Round Trip,"Get these consecutive spin-result types, in this exact order, during one official Daily: Upgrade → Duck → Upgrade.",Mythic,0.4186,Monte Carlo estimate,Monte Carlo: 2000000 completed Dailies,Run a combination probability simulation; all listed types have positive landing probability.,idea_seq_117,,"Per completed Daily: reach condition at least once; 1,000,000-run wheel simulation",Provisional; needs end-to-end evaluation,0.4236,8472,2000000,Mythic,,"Observed 8,472 / 2,000,000 valid simulated Dailies; reproducible positive witness",,,,,VALIDATED MECHANICALLY,NOT CERTIFIED: award tracking + E2E pending
Proposed,Wheel combinations,Two Extra Ducks,"Get these consecutive spin-result types, in this exact order, during one official Daily: +2 Spins → Duck → Duck.",Anomaly,1.6402,Monte Carlo estimate,Monte Carlo: 2000000 completed Dailies,Run a combination probability simulation; all listed types have positive landing probability.,idea_seq_118,,"Per completed Daily: reach condition at least once; 1,000,000-run wheel simulation",Provisional; needs end-to-end evaluation,1.62835,32567,2000000,Anomaly,,"Observed 32,567 / 2,000,000 valid simulated Dailies; reproducible positive witness",,,,,VALIDATED MECHANICALLY,NOT CERTIFIED: award tracking + E2E pending
Proposed,Wheel combinations,Double Relief,"Get these consecutive spin-result types, in this exact order, during one official Daily: ×2 → +2 Spins.",Rare,5.0561,Monte Carlo estimate,Monte Carlo: 2000000 completed Dailies,Run a combination probability simulation; all listed types have positive landing probability.,idea_seq_119,,"Per completed Daily: reach condition at least once; 1,000,000-run wheel simulation",Provisional; needs end-to-end evaluation,5.0423,100846,2000000,Rare,,"Observed 100,846 / 2,000,000 valid simulated Dailies; reproducible positive witness",,,,,VALIDATED MECHANICALLY,NOT CERTIFIED: award tracking + E2E pending
Proposed,Wheel combinations,Bonus Multiplier,"Get these consecutive spin-result types, in this exact order, during one official Daily: +2 Spins → ×2.",Rare,5.0452,Monte Carlo estimate,Monte Carlo: 2000000 completed Dailies,Run a combination probability simulation; all listed types have positive landing probability.,idea_seq_120,,"Per completed Daily: reach condition at least once; 1,000,000-run wheel simulation",Provisional; needs end-to-end evaluation,5.04685,100937,2000000,Rare,,"Observed 100,937 / 2,000,000 valid simulated Dailies; reproducible positive witness",,,,,VALIDATED MECHANICALLY,NOT CERTIFIED: award tracking + E2E pending
Proposed,Wheel combinations,Upgrade Detour,Get these consecutive spin-result types in one official Daily: Upgrade → number → Duck.,Epic,4.5516,Monte Carlo estimate,Monte Carlo: 2000000 completed Dailies,Run a combination probability simulation; all listed types have positive landing probability. Replaces exact duplicate of Three Specials (#114).,idea_seq_121,,"Per completed Daily: reach condition at least once; 1,000,000-run wheel simulation",Provisional; needs end-to-end evaluation,4.5204,90408,2000000,Epic,,"Observed 90,408 / 2,000,000 valid simulated Dailies; reproducible positive witness",,,,,VALIDATED MECHANICALLY,NOT CERTIFIED: award tracking + E2E pending
Proposed,Wheel combinations,Double Bonus Duck,"Get these consecutive spin-result types, in this exact order, during one official Daily: ×2 → +2 Spins → Duck.",Mythic,0.8376,Monte Carlo estimate,Monte Carlo: 2000000 completed Dailies,Run a combination probability simulation; all listed types have positive landing probability.,idea_seq_122,,"Per completed Daily: reach condition at least once; 1,000,000-run wheel simulation",Provisional; needs end-to-end evaluation,0.8212,16424,2000000,Mythic,,"Observed 16,424 / 2,000,000 valid simulated Dailies; reproducible positive witness",,,,,VALIDATED MECHANICALLY,NOT CERTIFIED: award tracking + E2E pending
Proposed,Wheel combinations,Duck Double Number,Get these consecutive spin-result types in one official Daily: Duck → ×2 → number.,Rare,6.2159,Monte Carlo estimate,Monte Carlo: 2000000 completed Dailies,Run a combination probability simulation; all listed types have positive landing probability. Replaces exact duplicate of Triple Threat (#102).,idea_seq_123,,"Per completed Daily: reach condition at least once; 1,000,000-run wheel simulation",Provisional; needs end-to-end evaluation,6.1951,123902,2000000,Rare,,"Observed 123,902 / 2,000,000 valid simulated Dailies; reproducible positive witness",,,,,VALIDATED MECHANICALLY,NOT CERTIFIED: award tracking + E2E pending
Proposed,Wheel combinations,Special Spiral,"Get these consecutive spin-result types, in this exact order, during one official Daily: Upgrade → ×2 → +2 Spins.",Mythic,0.2111,Monte Carlo estimate,Monte Carlo: 2000000 completed Dailies,Run a combination probability simulation; all listed types have positive landing probability.,idea_seq_124,,"Per completed Daily: reach condition at least once; 1,000,000-run wheel simulation",Provisional; needs end-to-end evaluation,0.21005,4201,2000000,Mythic,,"Observed 4,201 / 2,000,000 valid simulated Dailies; reproducible positive witness",,,,,VALIDATED MECHANICALLY,NOT CERTIFIED: award tracking + E2E pending
Proposed,Wheel combinations,The Encore,"Get these consecutive spin-result types, in this exact order, during one official Daily: number → +2 Spins → ×2.",Epic,2.6641,Monte Carlo estimate,Monte Carlo: 2000000 completed Dailies,Run a combination probability simulation; all listed types have positive landing probability.,idea_seq_125,,"Per completed Daily: reach condition at least once; 1,000,000-run wheel simulation",Provisional; needs end-to-end evaluation,2.6305,52610,2000000,Epic,,"Observed 52,610 / 2,000,000 valid simulated Dailies; reproducible positive witness",,,,,VALIDATED MECHANICALLY,NOT CERTIFIED: award tracking + E2E pending
Proposed,Wheel combinations,Duck Loop,"Get these consecutive spin-result types, in this exact order, during one official Daily: Duck → number → number → Duck.",Epic,4.9616,Monte Carlo estimate,Monte Carlo: 2000000 completed Dailies,Run a combination probability simulation; all listed types have positive landing probability.,idea_seq_126,,"Per completed Daily: reach condition at least once; 1,000,000-run wheel simulation",Provisional; needs end-to-end evaluation,4.97095,99419,2000000,Epic,,"Observed 99,419 / 2,000,000 valid simulated Dailies; reproducible positive witness",,,,,VALIDATED MECHANICALLY,NOT CERTIFIED: award tracking + E2E pending
Proposed,Wheel combinations,High Gear,"Get these consecutive spin-result types, in this exact order, during one official Daily: Upgrade → Upgrade → ×2.",Mythic,0.1588,Monte Carlo estimate,Monte Carlo: 2000000 completed Dailies,Run a combination probability simulation; all listed types have positive landing probability.,idea_seq_127,,"Per completed Daily: reach condition at least once; 1,000,000-run wheel simulation",Provisional; needs end-to-end evaluation,0.15715,3143,2000000,Mythic,,"Observed 3,143 / 2,000,000 valid simulated Dailies; reproducible positive witness",,,,,VALIDATED MECHANICALLY,NOT CERTIFIED: award tracking + E2E pending
Proposed,Wheel combinations,Double Duck Bonus,"Get these consecutive spin-result types, in this exact order, during one official Daily: ×2 → Duck → +2 Spins.",Mythic,0.8177,Monte Carlo estimate,Monte Carlo: 2000000 completed Dailies,Run a combination probability simulation; all listed types have positive landing probability.,idea_seq_128,,"Per completed Daily: reach condition at least once; 1,000,000-run wheel simulation",Provisional; needs end-to-end evaluation,0.83105,16621,2000000,Mythic,,"Observed 16,621 / 2,000,000 valid simulated Dailies; reproducible positive witness",,,,,VALIDATED MECHANICALLY,NOT CERTIFIED: award tracking + E2E pending
Proposed,Single-run challenges,All Numbers,"Use all five starting spins on number results, with no bonus or free-spin outcomes.",Rare,6.7728,Monte Carlo estimate,Monte Carlo: 2000000 completed Dailies,Simulate and confirm browser saved results contain base/points and totalSpins.,idea_run_129,,"Per completed Daily: reach condition at least once; 1,000,000-run wheel simulation",Provisional; needs end-to-end evaluation,6.7675,135350,2000000,Rare,,"Observed 135,350 / 2,000,000 valid simulated Dailies; reproducible positive witness",,,,,VALIDATED MECHANICALLY,NOT CERTIFIED: award tracking + E2E pending
Proposed,Single-run challenges,No Ducks Allowed,Finish an official Daily without landing on a Duck.,Common,30.4864,Monte Carlo estimate,Monte Carlo: 2000000 completed Dailies,Simulate and confirm browser saved results contain base/points and totalSpins.,idea_run_130,,"Per completed Daily: reach condition at least once; 1,000,000-run wheel simulation",Provisional; needs end-to-end evaluation,30.50075,610015,2000000,Common,,"Observed 610,015 / 2,000,000 valid simulated Dailies; reproducible positive witness",,,,,VALIDATED MECHANICALLY,NOT CERTIFIED: award tracking + E2E pending
Proposed,Single-run challenges,Pond Visitor,Finish an official Daily with exactly one Duck.,Common,31.8085,Monte Carlo estimate,Monte Carlo: 2000000 completed Dailies,Simulate and confirm browser saved results contain base/points and totalSpins.,idea_run_131,,"Per completed Daily: reach condition at least once; 1,000,000-run wheel simulation",Provisional; needs end-to-end evaluation,31.8869,637738,2000000,Common,,"Observed 637,738 / 2,000,000 valid simulated Dailies; reproducible positive witness",,,,,VALIDATED MECHANICALLY,NOT CERTIFIED: award tracking + E2E pending
Proposed,Single-run challenges,Two Ducks Only,Finish an official Daily with exactly two Ducks.,Uncommon,20.1877,Monte Carlo estimate,Monte Carlo: 2000000 completed Dailies,Simulate and confirm browser saved results contain base/points and totalSpins.,idea_run_132,,"Per completed Daily: reach condition at least once; 1,000,000-run wheel simulation",Provisional; needs end-to-end evaluation,20.17315,403463,2000000,Uncommon,,"Observed 403,463 / 2,000,000 valid simulated Dailies; reproducible positive witness",,,,,VALIDATED MECHANICALLY,NOT CERTIFIED: award tracking + E2E pending
Proposed,Single-run challenges,No Doubling Down,Finish an official Daily without landing on ×2.,Common,53.1429,Monte Carlo estimate,Monte Carlo: 2000000 completed Dailies,Simulate and confirm browser saved results contain base/points and totalSpins.,idea_run_133,,"Per completed Daily: reach condition at least once; 1,000,000-run wheel simulation",Provisional; needs end-to-end evaluation,53.1276,1062552,2000000,Common,,"Observed 1,062,552 / 2,000,000 valid simulated Dailies; reproducible positive witness",,,,,VALIDATED MECHANICALLY,NOT CERTIFIED: award tracking + E2E pending
Proposed,Single-run challenges,Multiplier Minimalist,Finish an official Daily with exactly one ×2 result.,Common,31.279,Monte Carlo estimate,Monte Carlo: 2000000 completed Dailies,Simulate and confirm browser saved results contain base/points and totalSpins.,idea_run_134,,"Per completed Daily: reach condition at least once; 1,000,000-run wheel simulation",Provisional; needs end-to-end evaluation,31.26405,625281,2000000,Common,,"Observed 625,281 / 2,000,000 valid simulated Dailies; reproducible positive witness",,,,,VALIDATED MECHANICALLY,NOT CERTIFIED: award tracking + E2E pending
Proposed,Single-run challenges,No Upgrade Required,Finish an official Daily without landing on Upgrade.,Common,47.0075,Monte Carlo estimate,Monte Carlo: 2000000 completed Dailies,Simulate and confirm browser saved results contain base/points and totalSpins.,idea_run_135,,"Per completed Daily: reach condition at least once; 1,000,000-run wheel simulation",Provisional; needs end-to-end evaluation,47.0346,940692,2000000,Common,,"Observed 940,692 / 2,000,000 valid simulated Dailies; reproducible positive witness",,,,,VALIDATED MECHANICALLY,NOT CERTIFIED: award tracking + E2E pending
Proposed,Single-run challenges,One Upgrade Only,Finish an official Daily with exactly one Upgrade.,Common,39.7532,Monte Carlo estimate,Monte Carlo: 2000000 completed Dailies,Simulate and confirm browser saved results contain base/points and totalSpins.,idea_run_136,,"Per completed Daily: reach condition at least once; 1,000,000-run wheel simulation",Provisional; needs end-to-end evaluation,39.6276,792552,2000000,Common,,"Observed 792,552 / 2,000,000 valid simulated Dailies; reproducible positive witness",,,,,VALIDATED MECHANICALLY,NOT CERTIFIED: award tracking + E2E pending
Proposed,Single-run challenges,Bonus-Free Day,Finish an official Daily without landing on +2 Spins.,Common,56.1042,Monte Carlo estimate,Monte Carlo: 2000000 completed Dailies,Simulate and confirm browser saved results contain base/points and totalSpins.,idea_run_137,,"Per completed Daily: reach condition at least once; 1,000,000-run wheel simulation",Provisional; needs end-to-end evaluation,56.1537,1123074,2000000,Common,,"Observed 1,123,074 / 2,000,000 valid simulated Dailies; reproducible positive witness",,,,,VALIDATED MECHANICALLY,NOT CERTIFIED: award tracking + E2E pending
Proposed,Single-run challenges,One More Round,Finish an official Daily with exactly one +2 Spins result.,Uncommon,27.7661,Monte Carlo estimate,Monte Carlo: 2000000 completed Dailies,Simulate and confirm browser saved results contain base/points and totalSpins.,idea_run_138,,"Per completed Daily: reach condition at least once; 1,000,000-run wheel simulation",Provisional; needs end-to-end evaluation,27.71035,554207,2000000,Uncommon,,"Observed 554,207 / 2,000,000 valid simulated Dailies; reproducible positive witness",,,,,VALIDATED MECHANICALLY,NOT CERTIFIED: award tracking + E2E pending
Proposed,Single-run challenges,All Four Specials,"Land at least one Duck, ×2, Upgrade, and +2 Spins during the same official Daily.",Uncommon,11.0281,Monte Carlo estimate,Monte Carlo: 2000000 completed Dailies,Simulate and confirm browser saved results contain base/points and totalSpins.,idea_run_139,,"Per completed Daily: reach condition at least once; 1,000,000-run wheel simulation",Provisional; needs end-to-end evaluation,10.9723,219446,2000000,Uncommon,,"Observed 219,446 / 2,000,000 valid simulated Dailies; reproducible positive witness",,,,,VALIDATED MECHANICALLY,NOT CERTIFIED: award tracking + E2E pending
Proposed,Single-run challenges,Duck And Double,Land at least one Duck and at least one ×2 during the same official Daily.,Common,34.978,Monte Carlo estimate,Monte Carlo: 2000000 completed Dailies,Simulate and confirm browser saved results contain base/points and totalSpins.,idea_run_140,,"Per completed Daily: reach condition at least once; 1,000,000-run wheel simulation",Provisional; needs end-to-end evaluation,34.9774,699548,2000000,Common,,"Observed 699,548 / 2,000,000 valid simulated Dailies; reproducible positive witness",,,,,VALIDATED MECHANICALLY,NOT CERTIFIED: award tracking + E2E pending
Proposed,Single-run challenges,Duck And Upgrade,Land at least one Duck and at least one Upgrade during the same official Daily.,Common,36.8795,Monte Carlo estimate,Monte Carlo: 2000000 completed Dailies,Simulate and confirm browser saved results contain base/points and totalSpins.,idea_run_141,,"Per completed Daily: reach condition at least once; 1,000,000-run wheel simulation",Provisional; needs end-to-end evaluation,36.8234,736468,2000000,Common,,"Observed 736,468 / 2,000,000 valid simulated Dailies; reproducible positive witness",,,,,VALIDATED MECHANICALLY,NOT CERTIFIED: award tracking + E2E pending
Proposed,Single-run challenges,Duck And Bonus,Land at least one Duck and at least one +2 Spins during the same official Daily.,Common,34.1846,Monte Carlo estimate,Monte Carlo: 2000000 completed Dailies,Simulate and confirm browser saved results contain base/points and totalSpins.,idea_run_142,,"Per completed Daily: reach condition at least once; 1,000,000-run wheel simulation",Provisional; needs end-to-end evaluation,34.1501,683002,2000000,Common,,"Observed 683,002 / 2,000,000 valid simulated Dailies; reproducible positive witness",,,,,VALIDATED MECHANICALLY,NOT CERTIFIED: award tracking + E2E pending
Proposed,Single-run challenges,Double And Upgrade,Land at least one ×2 and at least one Upgrade during the same official Daily.,Uncommon,24.7876,Monte Carlo estimate,Monte Carlo: 2000000 completed Dailies,Simulate and confirm browser saved results contain base/points and totalSpins.,idea_run_143,,"Per completed Daily: reach condition at least once; 1,000,000-run wheel simulation",Provisional; needs end-to-end evaluation,24.7456,494912,2000000,Uncommon,,"Observed 494,912 / 2,000,000 valid simulated Dailies; reproducible positive witness",,,,,VALIDATED MECHANICALLY,NOT CERTIFIED: award tracking + E2E pending
Proposed,Single-run challenges,Double And Bonus,Land at least one ×2 and at least one +2 Spins during the same official Daily.,Uncommon,24.1376,Monte Carlo estimate,Monte Carlo: 2000000 completed Dailies,Simulate and confirm browser saved results contain base/points and totalSpins.,idea_run_144,,"Per completed Daily: reach condition at least once; 1,000,000-run wheel simulation",Provisional; needs end-to-end evaluation,24.10225,482045,2000000,Uncommon,,"Observed 482,045 / 2,000,000 valid simulated Dailies; reproducible positive witness",,,,,VALIDATED MECHANICALLY,NOT CERTIFIED: award tracking + E2E pending
Proposed,Single-run challenges,Upgrade And Bonus,Land at least one Upgrade and at least one +2 Spins during the same official Daily.,Uncommon,25.367,Monte Carlo estimate,Monte Carlo: 2000000 completed Dailies,Simulate and confirm browser saved results contain base/points and totalSpins.,idea_run_145,,"Per completed Daily: reach condition at least once; 1,000,000-run wheel simulation",Provisional; needs end-to-end evaluation,25.29425,505885,2000000,Uncommon,,"Observed 505,885 / 2,000,000 valid simulated Dailies; reproducible positive witness",,,,,VALIDATED MECHANICALLY,NOT CERTIFIED: award tracking + E2E pending
Proposed,Single-run challenges,Eight Spins,Complete at least 8 total wheel spins in one official Daily.,Common,63.791,Monte Carlo estimate,Monte Carlo: 2000000 completed Dailies,Simulate and confirm browser saved results contain base/points and totalSpins.,idea_run_146,,"Per completed Daily: reach condition at least once; 1,000,000-run wheel simulation",Provisional; needs end-to-end evaluation,63.83445,1276689,2000000,Common,,"Observed 1,276,689 / 2,000,000 valid simulated Dailies; reproducible positive witness",,,,,VALIDATED MECHANICALLY,NOT CERTIFIED: award tracking + E2E pending
Proposed,Single-run challenges,Ten Spins,Complete at least 10 total wheel spins in one official Daily.,Common,36.2996,Monte Carlo estimate,Monte Carlo: 2000000 completed Dailies,Simulate and confirm browser saved results contain base/points and totalSpins.,idea_run_147,,"Per completed Daily: reach condition at least once; 1,000,000-run wheel simulation",Provisional; needs end-to-end evaluation,36.29615,725923,2000000,Common,,"Observed 725,923 / 2,000,000 valid simulated Dailies; reproducible positive witness",,,,,VALIDATED MECHANICALLY,NOT CERTIFIED: award tracking + E2E pending
Proposed,Single-run challenges,Twelve Spins,Complete at least 12 total wheel spins in one official Daily.,Uncommon,18.7929,Monte Carlo estimate,Monte Carlo: 2000000 completed Dailies,Simulate and confirm browser saved results contain base/points and totalSpins.,idea_run_148,,"Per completed Daily: reach condition at least once; 1,000,000-run wheel simulation",Provisional; needs end-to-end evaluation,18.774,375480,2000000,Uncommon,,"Observed 375,480 / 2,000,000 valid simulated Dailies; reproducible positive witness",,,,,VALIDATED MECHANICALLY,NOT CERTIFIED: award tracking + E2E pending
Proposed,Single-run challenges,Four Different Numbers,Land on at least four distinct base number values in one official Daily.,Uncommon,28.2657,Monte Carlo estimate,Monte Carlo: 2000000 completed Dailies,Simulate and confirm browser saved results contain base/points and totalSpins.,idea_run_149,,"Per completed Daily: reach condition at least once; 1,000,000-run wheel simulation",Provisional; needs end-to-end evaluation,28.29775,565955,2000000,Uncommon,,"Observed 565,955 / 2,000,000 valid simulated Dailies; reproducible positive witness",,,,,VALIDATED MECHANICALLY,NOT CERTIFIED: award tracking + E2E pending
Proposed,Single-run challenges,One Is Enough,Land base number 1 at least once in one official Daily.,Common,92.8693,Monte Carlo estimate,Monte Carlo: 2000000 completed Dailies,Simulate and confirm browser saved results contain base/points and totalSpins.,idea_run_150,,"Per completed Daily: reach condition at least once; 1,000,000-run wheel simulation",Provisional; needs end-to-end evaluation,92.9318,1858636,2000000,Common,,"Observed 1,858,636 / 2,000,000 valid simulated Dailies; reproducible positive witness",,,,,VALIDATED MECHANICALLY,NOT CERTIFIED: award tracking + E2E pending
Proposed,Single-run challenges,Two by Two,Land base number 2 at least twice in one official Daily.,Common,47.8404,Monte Carlo estimate,Monte Carlo: 2000000 completed Dailies,Simulate and confirm browser saved results contain base/points and totalSpins.,idea_run_151,,"Per completed Daily: reach condition at least once; 1,000,000-run wheel simulation",Provisional; needs end-to-end evaluation,47.8131,956262,2000000,Common,,"Observed 956,262 / 2,000,000 valid simulated Dailies; reproducible positive witness",,,,,VALIDATED MECHANICALLY,NOT CERTIFIED: award tracking + E2E pending
Proposed,Single-run challenges,Five Alive Again,Land base number 5 at least once in one official Daily.,Common,59.3881,Monte Carlo estimate,Monte Carlo: 2000000 completed Dailies,Simulate and confirm browser saved results contain base/points and totalSpins.,idea_run_152,,"Per completed Daily: reach condition at least once; 1,000,000-run wheel simulation",Provisional; needs end-to-end evaluation,59.47685,1189537,2000000,Common,,"Observed 1,189,537 / 2,000,000 valid simulated Dailies; reproducible positive witness",,,,,VALIDATED MECHANICALLY,NOT CERTIFIED: award tracking + E2E pending
Proposed,Single-run challenges,Triple Three,Land base number 3 at least three times in one official Daily.,Epic,4.8828,Monte Carlo estimate,Monte Carlo: 2000000 completed Dailies,Simulate and confirm browser saved results contain base/points and totalSpins.,idea_run_153,,"Per completed Daily: reach condition at least once; 1,000,000-run wheel simulation",Provisional; needs end-to-end evaluation,4.8899,97798,2000000,Epic,,"Observed 97,798 / 2,000,000 valid simulated Dailies; reproducible positive witness",,,,,VALIDATED MECHANICALLY,NOT CERTIFIED: award tracking + E2E pending
Proposed,Single-run challenges,No Ones,Finish an official Daily without landing on base number 1.,Rare,7.1307,Monte Carlo estimate,Monte Carlo: 2000000 completed Dailies,Simulate and confirm browser saved results contain base/points and totalSpins.,idea_run_154,,"Per completed Daily: reach condition at least once; 1,000,000-run wheel simulation",Provisional; needs end-to-end evaluation,7.0682,141364,2000000,Rare,,"Observed 141,364 / 2,000,000 valid simulated Dailies; reproducible positive witness",,,,,VALIDATED MECHANICALLY,NOT CERTIFIED: award tracking + E2E pending
Proposed,Single-run challenges,All Ones,Land on base number 1 at least five times during one official Daily (not necessarily consecutive).,Epic,3.9476,Monte Carlo estimate,Monte Carlo: 2000000 completed Dailies,Simulate and confirm browser saved results contain base/points and totalSpins.,idea_run_155,,"Per completed Daily: reach condition at least once; 1,000,000-run wheel simulation",Provisional; needs end-to-end evaluation,3.95265,79053,2000000,Epic,,"Observed 79,053 / 2,000,000 valid simulated Dailies; reproducible positive witness",,,,,VALIDATED MECHANICALLY,NOT CERTIFIED: award tracking + E2E pending
Proposed,Single-run challenges,Four of a Kind,Land the same base number on four consecutive numerical spins in one official Daily.,Anomaly,7.0078,Monte Carlo estimate,Monte Carlo: 2000000 completed Dailies,"Simulate and confirm browser saved results contain base/points and totalSpins. Replaces near-duplicate of Trash Score, which also grades low final score.",idea_run_156,,"Per completed Daily: reach condition at least once; 1,000,000-run wheel simulation",Provisional; needs end-to-end evaluation,1.8121,36242,2000000,Anomaly,,"Observed 36,242 / 2,000,000 valid simulated Dailies; reproducible positive witness",Rarity corrected Rare → Anomaly using observed per-run probability,,,,VALIDATED MECHANICALLY,NOT CERTIFIED: award tracking + E2E pending
Proposed,Single-run challenges,Quite a Turnaround,"After at least one Upgrade, land a numerical spin worth 15 or more points.",Common,35.1413,Monte Carlo estimate,Monte Carlo: 2000000 completed Dailies,Simulate and confirm browser saved results contain base/points and totalSpins.,idea_run_157,,"Per completed Daily: reach condition at least once; 1,000,000-run wheel simulation",Provisional; needs end-to-end evaluation,35.24325,704865,2000000,Common,,"Observed 704,865 / 2,000,000 valid simulated Dailies; reproducible positive witness",,,,,VALIDATED MECHANICALLY,NOT CERTIFIED: award tracking + E2E pending
Proposed,Single-run challenges,Big Single Hit,Land a single numerical spin worth at least 30 points in one official Daily.,Uncommon,13.2285,Monte Carlo estimate,Monte Carlo: 2000000 completed Dailies,Simulate and confirm browser saved results contain base/points and totalSpins.,idea_run_158,,"Per completed Daily: reach condition at least once; 1,000,000-run wheel simulation",Provisional; needs end-to-end evaluation,13.24835,264967,2000000,Uncommon,,"Observed 264,967 / 2,000,000 valid simulated Dailies; reproducible positive witness",,,,,VALIDATED MECHANICALLY,NOT CERTIFIED: award tracking + E2E pending
Proposed — revised,Lifetime milestones,Welcome Back,Complete at least 1 official Daily runs over your account lifetime; Test Runs excluded.,Common,,Estimated mean completion time,Lifetime: estimated days to reach at 1 official Daily/day; NOT per-run probability,Approx. 1 Daily runs at measured simulated mean outcomes/run; actual completion time varies. Requires per-account server aggregation.,idea_lifetime_159,1,Expected days (simulation-derived mean events/day),Estimate; implement/test before deployment,,,,Common,1.0,"Estimated 1.0 days at one official Daily/day (expected-value estimate, not fixed duration)",,Must recompute user milestones after official run deletion; Test Runs excluded.,,,CONDITIONALLY ACHIEVABLE,NOT CERTIFIED: award tracking + E2E pending
Proposed — revised,Lifetime milestones,First Week,Complete at least 7 official Daily runs over your account lifetime; Test Runs excluded.,Common,,Estimated mean completion time,Lifetime: estimated days to reach at 1 official Daily/day; NOT per-run probability,Approx. 7 Daily runs at measured simulated mean outcomes/run; actual completion time varies. Requires per-account server aggregation.,idea_lifetime_160,7,Expected days (simulation-derived mean events/day),Estimate; implement/test before deployment,,,,Common,7.0,"Estimated 7.0 days at one official Daily/day (expected-value estimate, not fixed duration)",,Must recompute user milestones after official run deletion; Test Runs excluded.,,,CONDITIONALLY ACHIEVABLE,NOT CERTIFIED: award tracking + E2E pending
Proposed — revised,Lifetime milestones,Daily Explorer,Complete at least 25 official Daily runs over your account lifetime; Test Runs excluded.,Uncommon,,Estimated mean completion time,Lifetime: estimated days to reach at 1 official Daily/day; NOT per-run probability,Approx. 25 Daily runs at measured simulated mean outcomes/run; actual completion time varies. Requires per-account server aggregation.,idea_lifetime_161,25,Expected days (simulation-derived mean events/day),Estimate; implement/test before deployment,,,,Uncommon,25.0,"Estimated 25.0 days at one official Daily/day (expected-value estimate, not fixed duration)",,Must recompute user milestones after official run deletion; Test Runs excluded.,,,CONDITIONALLY ACHIEVABLE,NOT CERTIFIED: award tracking + E2E pending
Proposed — revised,Lifetime milestones,Monthly Regular,Complete at least 60 official Daily runs over your account lifetime; Test Runs excluded.,Rare,,Estimated mean completion time,Lifetime: estimated days to reach at 1 official Daily/day; NOT per-run probability,Approx. 60 Daily runs at measured simulated mean outcomes/run; actual completion time varies. Requires per-account server aggregation.,idea_lifetime_162,60,Expected days (simulation-derived mean events/day),Estimate; implement/test before deployment,,,,Rare,60.0,"Estimated 60.0 days at one official Daily/day (expected-value estimate, not fixed duration)",,Must recompute user milestones after official run deletion; Test Runs excluded.,,,CONDITIONALLY ACHIEVABLE,NOT CERTIFIED: award tracking + E2E pending
Proposed — revised,Lifetime milestones,Getting Serious,Complete at least 120 official Daily runs over your account lifetime; Test Runs excluded.,Epic,,Estimated mean completion time,Lifetime: estimated days to reach at 1 official Daily/day; NOT per-run probability,Approx. 120 Daily runs at measured simulated mean outcomes/run; actual completion time varies. Requires per-account server aggregation.,idea_lifetime_163,120,Expected days (simulation-derived mean events/day),Estimate; implement/test before deployment,,,,Epic,120.0,"Estimated 120.0 days at one official Daily/day (expected-value estimate, not fixed duration)",,Must recompute user milestones after official run deletion; Test Runs excluded.,,,CONDITIONALLY ACHIEVABLE,NOT CERTIFIED: award tracking + E2E pending
Proposed — revised,Lifetime milestones,Two Hundred Club,Complete at least 200 official Daily runs over your account lifetime; Test Runs excluded.,Anomaly,,Estimated mean completion time,Lifetime: estimated days to reach at 1 official Daily/day; NOT per-run probability,Approx. 200 Daily runs at measured simulated mean outcomes/run; actual completion time varies. Requires per-account server aggregation.,idea_lifetime_164,200,Expected days (simulation-derived mean events/day),Estimate; implement/test before deployment,,,,Anomaly,200.0,"Estimated 200.0 days at one official Daily/day (expected-value estimate, not fixed duration)",,Must recompute user milestones after official run deletion; Test Runs excluded.,,,CONDITIONALLY ACHIEVABLE,NOT CERTIFIED: award tracking + E2E pending
Proposed — revised,Lifetime milestones,Three Hundred Strong,Complete at least 300 official Daily runs over your account lifetime; Test Runs excluded.,Anomaly,,Estimated mean completion time,Lifetime: estimated days to reach at 1 official Daily/day; NOT per-run probability,Approx. 300 Daily runs at measured simulated mean outcomes/run; actual completion time varies. Requires per-account server aggregation.,idea_lifetime_165,300,Expected days (simulation-derived mean events/day),Estimate; implement/test before deployment,,,,Anomaly,300.0,"Estimated 300.0 days at one official Daily/day (expected-value estimate, not fixed duration)",,Must recompute user milestones after official run deletion; Test Runs excluded.,,,CONDITIONALLY ACHIEVABLE,NOT CERTIFIED: award tracking + E2E pending
Proposed — revised,Lifetime milestones,Four Fifty,Complete at least 450 official Daily runs over your account lifetime; Test Runs excluded.,Mythic,,Estimated mean completion time,Lifetime: estimated days to reach at 1 official Daily/day; NOT per-run probability,Approx. 450 Daily runs at measured simulated mean outcomes/run; actual completion time varies. Requires per-account server aggregation.,idea_lifetime_166,450,Expected days (simulation-derived mean events/day),Estimate; implement/test before deployment,,,,Mythic,450.0,"Estimated 450.0 days at one official Daily/day (expected-value estimate, not fixed duration)",,Must recompute user milestones after official run deletion; Test Runs excluded.,,,CONDITIONALLY ACHIEVABLE,NOT CERTIFIED: award tracking + E2E pending
Proposed — revised,Lifetime milestones,Six Fifty,Complete at least 650 official Daily runs over your account lifetime; Test Runs excluded.,Mythic,,Estimated mean completion time,Lifetime: estimated days to reach at 1 official Daily/day; NOT per-run probability,Approx. 650 Daily runs at measured simulated mean outcomes/run; actual completion time varies. Requires per-account server aggregation.,idea_lifetime_167,650,Expected days (simulation-derived mean events/day),Estimate; implement/test before deployment,,,,Mythic,650.0,"Estimated 650.0 days at one official Daily/day (expected-value estimate, not fixed duration)",,Must recompute user milestones after official run deletion; Test Runs excluded.,,,CONDITIONALLY ACHIEVABLE,NOT CERTIFIED: award tracking + E2E pending
Proposed — revised,Lifetime milestones,The Thousandth Daily,Complete at least 1000 official Daily runs over your account lifetime; Test Runs excluded.,Mythic,,Estimated mean completion time,Lifetime: estimated days to reach at 1 official Daily/day; NOT per-run probability,Approx. 1000 Daily runs at measured simulated mean outcomes/run; actual completion time varies. Requires per-account server aggregation.,idea_lifetime_168,1000,Expected days (simulation-derived mean events/day),Estimate; implement/test before deployment,,,,Mythic,1000.0,"Estimated 1000.0 days at one official Daily/day (expected-value estimate, not fixed duration)",,"Must recompute user milestones after official run deletion; Test Runs excluded.; Name is misleading: this is the 1,000th Daily run, not the 1,000th wheel spin.",,,CONDITIONALLY ACHIEVABLE,NOT CERTIFIED: award tracking + E2E pending
Proposed — revised,Lifetime milestones,First Quack,Land 1 or more Duck results across completed official Daily runs; Test Runs excluded.,Common,,Estimated mean completion time,Lifetime: estimated days to reach at 1 official Daily/day; NOT per-run probability,Approx. 1 Daily runs at measured simulated mean outcomes/run; actual completion time varies. Requires per-account server aggregation.,idea_lifetime_169,1,Expected days (simulation-derived mean events/day),Estimate; implement/test before deployment,,,,Common,0.7,"Estimated 0.7 days at one official Daily/day (expected-value estimate, not fixed duration)",,Must recompute user milestones after official run deletion; Test Runs excluded.,,,CONDITIONALLY ACHIEVABLE,NOT CERTIFIED: award tracking + E2E pending
Proposed — revised,Lifetime milestones,Pond Regular,Land 25 or more Duck results across completed official Daily runs; Test Runs excluded.,Uncommon,,Estimated mean completion time,Lifetime: estimated days to reach at 1 official Daily/day; NOT per-run probability,Approx. 18 Daily runs at measured simulated mean outcomes/run; actual completion time varies. Requires per-account server aggregation.,idea_lifetime_170,18,Expected days (simulation-derived mean events/day),Estimate; implement/test before deployment,,,,Uncommon,18.3,"Estimated 18.3 days at one official Daily/day (expected-value estimate, not fixed duration)",,Must recompute user milestones after official run deletion; Test Runs excluded.,,,CONDITIONALLY ACHIEVABLE,NOT CERTIFIED: award tracking + E2E pending
Proposed — revised,Lifetime milestones,Duck Enthusiast,Land 75 or more Duck results across completed official Daily runs; Test Runs excluded.,Rare,,Estimated mean completion time,Lifetime: estimated days to reach at 1 official Daily/day; NOT per-run probability,Approx. 55 Daily runs at measured simulated mean outcomes/run; actual completion time varies. Requires per-account server aggregation.,idea_lifetime_171,55,Expected days (simulation-derived mean events/day),Estimate; implement/test before deployment,,,,Rare,55.0,"Estimated 55.0 days at one official Daily/day (expected-value estimate, not fixed duration)",,Must recompute user milestones after official run deletion; Test Runs excluded.,,,CONDITIONALLY ACHIEVABLE,NOT CERTIFIED: award tracking + E2E pending
Proposed — revised,Lifetime milestones,Flock Collector,Land 150 or more Duck results across completed official Daily runs; Test Runs excluded.,Epic,,Estimated mean completion time,Lifetime: estimated days to reach at 1 official Daily/day; NOT per-run probability,Approx. 110 Daily runs at measured simulated mean outcomes/run; actual completion time varies. Requires per-account server aggregation.,idea_lifetime_172,110,Expected days (simulation-derived mean events/day),Estimate; implement/test before deployment,,,,Epic,109.9,"Estimated 109.9 days at one official Daily/day (expected-value estimate, not fixed duration)",,Must recompute user milestones after official run deletion; Test Runs excluded.,,,CONDITIONALLY ACHIEVABLE,NOT CERTIFIED: award tracking + E2E pending
Proposed — revised,Lifetime milestones,Duck Dynasty,Land 300 or more Duck results across completed official Daily runs; Test Runs excluded.,Anomaly,,Estimated mean completion time,Lifetime: estimated days to reach at 1 official Daily/day; NOT per-run probability,Approx. 220 Daily runs at measured simulated mean outcomes/run; actual completion time varies. Requires per-account server aggregation.,idea_lifetime_173,220,Expected days (simulation-derived mean events/day),Estimate; implement/test before deployment,,,,Anomaly,219.9,"Estimated 219.9 days at one official Daily/day (expected-value estimate, not fixed duration)",,Must recompute user milestones after official run deletion; Test Runs excluded.,,,CONDITIONALLY ACHIEVABLE,NOT CERTIFIED: award tracking + E2E pending
Proposed — revised,Lifetime milestones,First Double,Land 1 or more ×2 results across completed official Daily runs; Test Runs excluded.,Common,,Estimated mean completion time,Lifetime: estimated days to reach at 1 official Daily/day; NOT per-run probability,Approx. 1 Daily runs at measured simulated mean outcomes/run; actual completion time varies. Requires per-account server aggregation.,idea_lifetime_174,1,Expected days (simulation-derived mean events/day),Estimate; implement/test before deployment,,,,Common,1.5,"Estimated 1.5 days at one official Daily/day (expected-value estimate, not fixed duration)",,Must recompute user milestones after official run deletion; Test Runs excluded.,,,CONDITIONALLY ACHIEVABLE,NOT CERTIFIED: award tracking + E2E pending
Proposed — revised,Lifetime milestones,Double Digits,Land 15 or more ×2 results across completed official Daily runs; Test Runs excluded.,Uncommon,,Estimated mean completion time,Lifetime: estimated days to reach at 1 official Daily/day; NOT per-run probability,Approx. 22 Daily runs at measured simulated mean outcomes/run; actual completion time varies. Requires per-account server aggregation.,idea_lifetime_175,22,Expected days (simulation-derived mean events/day),Estimate; implement/test before deployment,,,,Uncommon,22.0,"Estimated 22.0 days at one official Daily/day (expected-value estimate, not fixed duration)",,Must recompute user milestones after official run deletion; Test Runs excluded.,,,CONDITIONALLY ACHIEVABLE,NOT CERTIFIED: award tracking + E2E pending
Proposed — revised,Lifetime milestones,Compound Interest,Land 50 or more ×2 results across completed official Daily runs; Test Runs excluded.,Rare,,Estimated mean completion time,Lifetime: estimated days to reach at 1 official Daily/day; NOT per-run probability,Approx. 73 Daily runs at measured simulated mean outcomes/run; actual completion time varies. Requires per-account server aggregation.,idea_lifetime_176,73,Expected days (simulation-derived mean events/day),Estimate; implement/test before deployment,,,,Rare,73.4,"Estimated 73.4 days at one official Daily/day (expected-value estimate, not fixed duration)",,Must recompute user milestones after official run deletion; Test Runs excluded.,,,CONDITIONALLY ACHIEVABLE,NOT CERTIFIED: award tracking + E2E pending
Proposed — revised,Lifetime milestones,Multiplier Veteran,Land 100 or more ×2 results across completed official Daily runs; Test Runs excluded.,Epic,,Estimated mean completion time,Lifetime: estimated days to reach at 1 official Daily/day; NOT per-run probability,Approx. 147 Daily runs at measured simulated mean outcomes/run; actual completion time varies. Requires per-account server aggregation.,idea_lifetime_177,147,Expected days (simulation-derived mean events/day),Estimate; implement/test before deployment,,,,Epic,146.7,"Estimated 146.7 days at one official Daily/day (expected-value estimate, not fixed duration)",,Must recompute user milestones after official run deletion; Test Runs excluded.,,,CONDITIONALLY ACHIEVABLE,NOT CERTIFIED: award tracking + E2E pending
Proposed — revised,Lifetime milestones,Master of Doubles,Land 200 or more ×2 results across completed official Daily runs; Test Runs excluded.,Anomaly,,Estimated mean completion time,Lifetime: estimated days to reach at 1 official Daily/day; NOT per-run probability,Approx. 293 Daily runs at measured simulated mean outcomes/run; actual completion time varies. Requires per-account server aggregation.,idea_lifetime_178,293,Expected days (simulation-derived mean events/day),Estimate; implement/test before deployment,,,,Anomaly,293.4,"Estimated 293.4 days at one official Daily/day (expected-value estimate, not fixed duration)",,Must recompute user milestones after official run deletion; Test Runs excluded.,,,CONDITIONALLY ACHIEVABLE,NOT CERTIFIED: award tracking + E2E pending
Proposed — revised,Lifetime milestones,Freebie,Land 1 or more +2 Spins results across completed official Daily runs; Test Runs excluded.,Common,,Estimated mean completion time,Lifetime: estimated days to reach at 1 official Daily/day; NOT per-run probability,Approx. 1 Daily runs at measured simulated mean outcomes/run; actual completion time varies. Requires per-account server aggregation.,idea_lifetime_179,1,Expected days (simulation-derived mean events/day),Estimate; implement/test before deployment,,,,Common,1.5,"Estimated 1.5 days at one official Daily/day (expected-value estimate, not fixed duration)",,Must recompute user milestones after official run deletion; Test Runs excluded.,,,CONDITIONALLY ACHIEVABLE,NOT CERTIFIED: award tracking + E2E pending
Proposed — revised,Lifetime milestones,Bonus Collector,Land 15 or more +2 Spins results across completed official Daily runs; Test Runs excluded.,Uncommon,,Estimated mean completion time,Lifetime: estimated days to reach at 1 official Daily/day; NOT per-run probability,Approx. 22 Daily runs at measured simulated mean outcomes/run; actual completion time varies. Requires per-account server aggregation.,idea_lifetime_180,22,Expected days (simulation-derived mean events/day),Estimate; implement/test before deployment,,,,Uncommon,22.0,"Estimated 22.0 days at one official Daily/day (expected-value estimate, not fixed duration)",,Must recompute user milestones after official run deletion; Test Runs excluded.,,,CONDITIONALLY ACHIEVABLE,NOT CERTIFIED: award tracking + E2E pending
Proposed — revised,Lifetime milestones,Second Wind Society,Land 50 or more +2 Spins results across completed official Daily runs; Test Runs excluded.,Rare,,Estimated mean completion time,Lifetime: estimated days to reach at 1 official Daily/day; NOT per-run probability,Approx. 73 Daily runs at measured simulated mean outcomes/run; actual completion time varies. Requires per-account server aggregation.,idea_lifetime_181,73,Expected days (simulation-derived mean events/day),Estimate; implement/test before deployment,,,,Rare,73.3,"Estimated 73.3 days at one official Daily/day (expected-value estimate, not fixed duration)",,Must recompute user milestones after official run deletion; Test Runs excluded.,,,CONDITIONALLY ACHIEVABLE,NOT CERTIFIED: award tracking + E2E pending
Proposed — revised,Lifetime milestones,Overtime Veteran,Land 100 or more +2 Spins results across completed official Daily runs; Test Runs excluded.,Epic,,Estimated mean completion time,Lifetime: estimated days to reach at 1 official Daily/day; NOT per-run probability,Approx. 146 Daily runs at measured simulated mean outcomes/run; actual completion time varies. Requires per-account server aggregation.,idea_lifetime_182,146,Expected days (simulation-derived mean events/day),Estimate; implement/test before deployment,,,,Epic,146.5,"Estimated 146.5 days at one official Daily/day (expected-value estimate, not fixed duration)",,Must recompute user milestones after official run deletion; Test Runs excluded.,,,CONDITIONALLY ACHIEVABLE,NOT CERTIFIED: award tracking + E2E pending
Proposed — revised,Lifetime milestones,Endless Encore,Land 200 or more +2 Spins results across completed official Daily runs; Test Runs excluded.,Anomaly,,Estimated mean completion time,Lifetime: estimated days to reach at 1 official Daily/day; NOT per-run probability,Approx. 293 Daily runs at measured simulated mean outcomes/run; actual completion time varies. Requires per-account server aggregation.,idea_lifetime_183,293,Expected days (simulation-derived mean events/day),Estimate; implement/test before deployment,,,,Anomaly,293.1,"Estimated 293.1 days at one official Daily/day (expected-value estimate, not fixed duration)",,Must recompute user milestones after official run deletion; Test Runs excluded.,,,CONDITIONALLY ACHIEVABLE,NOT CERTIFIED: award tracking + E2E pending
Proposed — revised,Lifetime milestones,First Evolution,Land 1 or more Upgrade results across completed official Daily runs; Test Runs excluded.,Common,,Estimated mean completion time,Lifetime: estimated days to reach at 1 official Daily/day; NOT per-run probability,Approx. 1 Daily runs at measured simulated mean outcomes/run; actual completion time varies. Requires per-account server aggregation.,idea_lifetime_184,1,Expected days (simulation-derived mean events/day),Estimate; implement/test before deployment,,,,Common,1.5,"Estimated 1.5 days at one official Daily/day (expected-value estimate, not fixed duration)",,Must recompute user milestones after official run deletion; Test Runs excluded.,,,CONDITIONALLY ACHIEVABLE,NOT CERTIFIED: award tracking + E2E pending
Proposed — revised,Lifetime milestones,Upgrade Regular,Land 15 or more Upgrade results across completed official Daily runs; Test Runs excluded.,Uncommon,,Estimated mean completion time,Lifetime: estimated days to reach at 1 official Daily/day; NOT per-run probability,Approx. 22 Daily runs at measured simulated mean outcomes/run; actual completion time varies. Requires per-account server aggregation.,idea_lifetime_185,22,Expected days (simulation-derived mean events/day),Estimate; implement/test before deployment,,,,Uncommon,21.9,"Estimated 21.9 days at one official Daily/day (expected-value estimate, not fixed duration)",,Must recompute user milestones after official run deletion; Test Runs excluded.,,,CONDITIONALLY ACHIEVABLE,NOT CERTIFIED: award tracking + E2E pending
Proposed — revised,Lifetime milestones,Evolving Fast,Land 50 or more Upgrade results across completed official Daily runs; Test Runs excluded.,Rare,,Estimated mean completion time,Lifetime: estimated days to reach at 1 official Daily/day; NOT per-run probability,Approx. 73 Daily runs at measured simulated mean outcomes/run; actual completion time varies. Requires per-account server aggregation.,idea_lifetime_186,73,Expected days (simulation-derived mean events/day),Estimate; implement/test before deployment,,,,Rare,73.2,"Estimated 73.2 days at one official Daily/day (expected-value estimate, not fixed duration)",,Must recompute user milestones after official run deletion; Test Runs excluded.,,,CONDITIONALLY ACHIEVABLE,NOT CERTIFIED: award tracking + E2E pending
Proposed — revised,Lifetime milestones,Upgrade Specialist,Land 100 or more Upgrade results across completed official Daily runs; Test Runs excluded.,Epic,,Estimated mean completion time,Lifetime: estimated days to reach at 1 official Daily/day; NOT per-run probability,Approx. 146 Daily runs at measured simulated mean outcomes/run; actual completion time varies. Requires per-account server aggregation.,idea_lifetime_187,146,Expected days (simulation-derived mean events/day),Estimate; implement/test before deployment,,,,Epic,146.3,"Estimated 146.3 days at one official Daily/day (expected-value estimate, not fixed duration)",,Must recompute user milestones after official run deletion; Test Runs excluded.,,,CONDITIONALLY ACHIEVABLE,NOT CERTIFIED: award tracking + E2E pending
Proposed — revised,Lifetime milestones,Fully Evolved,Land 200 or more Upgrade results across completed official Daily runs; Test Runs excluded.,Anomaly,,Estimated mean completion time,Lifetime: estimated days to reach at 1 official Daily/day; NOT per-run probability,Approx. 292 Daily runs at measured simulated mean outcomes/run; actual completion time varies. Requires per-account server aggregation.,idea_lifetime_188,292,Expected days (simulation-derived mean events/day),Estimate; implement/test before deployment,,,,Anomaly,292.7,"Estimated 292.7 days at one official Daily/day (expected-value estimate, not fixed duration)",,Must recompute user milestones after official run deletion; Test Runs excluded.,,,CONDITIONALLY ACHIEVABLE,NOT CERTIFIED: award tracking + E2E pending
Proposed — revised,Lifetime milestones,Wheel Historian 25,Accumulate at least 25 actual wheel spins across completed official Daily runs; Test Runs excluded.,Common,,Estimated mean completion time,Lifetime: estimated days to reach at 1 official Daily/day; NOT per-run probability,Approx. 3 Daily runs at measured simulated mean outcomes/run; actual completion time varies. Requires per-account server aggregation.,idea_lifetime_189,3,Expected days (simulation-derived mean events/day),Estimate; implement/test before deployment,,,,Common,2.7,"Estimated 2.7 days at one official Daily/day (expected-value estimate, not fixed duration)",,Must recompute user milestones after official run deletion; Test Runs excluded.,,,CONDITIONALLY ACHIEVABLE,NOT CERTIFIED: award tracking + E2E pending
Proposed — revised,Lifetime milestones,First Hundred Spins,Accumulate at least 100 actual wheel spins across completed official Daily runs; Test Runs excluded.,Uncommon,,Estimated mean completion time,Lifetime: estimated days to reach at 1 official Daily/day; NOT per-run probability,Approx. 11 Daily runs at measured simulated mean outcomes/run; actual completion time varies. Requires per-account server aggregation.,idea_lifetime_190,11,Expected days (simulation-derived mean events/day),Estimate; implement/test before deployment,,,,Uncommon,11.0,"Estimated 11.0 days at one official Daily/day (expected-value estimate, not fixed duration)",,Must recompute user milestones after official run deletion; Test Runs excluded.,,,CONDITIONALLY ACHIEVABLE,NOT CERTIFIED: award tracking + E2E pending
Proposed — revised,Lifetime milestones,Wheel Historian 350,Accumulate at least 350 actual wheel spins across completed official Daily runs; Test Runs excluded.,Rare,,Estimated mean completion time,Lifetime: estimated days to reach at 1 official Daily/day; NOT per-run probability,Approx. 38 Daily runs at measured simulated mean outcomes/run; actual completion time varies. Requires per-account server aggregation.,idea_lifetime_191,38,Expected days (simulation-derived mean events/day),Estimate; implement/test before deployment,,,,Rare,38.5,"Estimated 38.5 days at one official Daily/day (expected-value estimate, not fixed duration)",,Must recompute user milestones after official run deletion; Test Runs excluded.,,,CONDITIONALLY ACHIEVABLE,NOT CERTIFIED: award tracking + E2E pending
Proposed — revised,Lifetime milestones,Wheel Historian 900,Accumulate at least 900 actual wheel spins across completed official Daily runs; Test Runs excluded.,Epic,,Estimated mean completion time,Lifetime: estimated days to reach at 1 official Daily/day; NOT per-run probability,Approx. 99 Daily runs at measured simulated mean outcomes/run; actual completion time varies. Requires per-account server aggregation.,idea_lifetime_192,99,Expected days (simulation-derived mean events/day),Estimate; implement/test before deployment,,,,Epic,99.0,"Estimated 99.0 days at one official Daily/day (expected-value estimate, not fixed duration)",,Must recompute user milestones after official run deletion; Test Runs excluded.,,,CONDITIONALLY ACHIEVABLE,NOT CERTIFIED: award tracking + E2E pending
Proposed — revised,Lifetime milestones,Wheel Historian 2000,Accumulate at least 2000 actual wheel spins across completed official Daily runs; Test Runs excluded.,Anomaly,,Estimated mean completion time,Lifetime: estimated days to reach at 1 official Daily/day; NOT per-run probability,Approx. 220 Daily runs at measured simulated mean outcomes/run; actual completion time varies. Requires per-account server aggregation.,idea_lifetime_193,220,Expected days (simulation-derived mean events/day),Estimate; implement/test before deployment,,,,Anomaly,219.9,"Estimated 219.9 days at one official Daily/day (expected-value estimate, not fixed duration)",,Must recompute user milestones after official run deletion; Test Runs excluded.,,,CONDITIONALLY ACHIEVABLE,NOT CERTIFIED: award tracking + E2E pending
Proposed — revised,Daily streaks,See You Tomorrow,Complete 2 consecutive Crilo Daily periods without a missed period; only official Daily runs count.,Common,,Requires player retention model,"Daily-streak commitment, not wheel probability",Minimum 2 calendar days; completion probability depends on attendance and cannot be inferred from wheel simulation.,idea_daily_streak_2,2,Minimum consecutive days (attendance dependent),Cannot validate probability without retention data,,,,Common,2.0,Minimum 2 consecutive days; missed-day attendance model unknown,,Must recompute user milestones after official run deletion; Test Runs excluded.,,,CONDITIONALLY ACHIEVABLE,NOT CERTIFIED: award tracking + E2E pending
Proposed — revised,Daily streaks,Five-Day Habit,Complete 5 consecutive Crilo Daily periods without a missed period; only official Daily runs count.,Common,,Requires player retention model,"Daily-streak commitment, not wheel probability",Minimum 5 calendar days; completion probability depends on attendance and cannot be inferred from wheel simulation.,idea_daily_streak_3,5,Minimum consecutive days (attendance dependent),Cannot validate probability without retention data,,,,Common,5.0,Minimum 5 consecutive days; missed-day attendance model unknown,,Must recompute user milestones after official run deletion; Test Runs excluded.,,,CONDITIONALLY ACHIEVABLE,NOT CERTIFIED: award tracking + E2E pending
Proposed — revised,Daily streaks,Ten-Day Orbit,Complete 10 consecutive Crilo Daily periods without a missed period; only official Daily runs count.,Uncommon,,Requires player retention model,"Daily-streak commitment, not wheel probability",Minimum 10 calendar days; completion probability depends on attendance and cannot be inferred from wheel simulation.,idea_daily_streak_4,10,Minimum consecutive days (attendance dependent),Cannot validate probability without retention data,,,,Uncommon,10.0,Minimum 10 consecutive days; missed-day attendance model unknown,,Must recompute user milestones after official run deletion; Test Runs excluded.,,,CONDITIONALLY ACHIEVABLE,NOT CERTIFIED: award tracking + E2E pending
Proposed — revised,Daily streaks,Twenty Straight,Complete 20 consecutive Crilo Daily periods without a missed period; only official Daily runs count.,Uncommon,,Requires player retention model,"Daily-streak commitment, not wheel probability",Minimum 20 calendar days; completion probability depends on attendance and cannot be inferred from wheel simulation.,idea_daily_streak_5,20,Minimum consecutive days (attendance dependent),Cannot validate probability without retention data,,,,Uncommon,20.0,Minimum 20 consecutive days; missed-day attendance model unknown,,Must recompute user milestones after official run deletion; Test Runs excluded.,,,CONDITIONALLY ACHIEVABLE,NOT CERTIFIED: award tracking + E2E pending
Proposed — revised,Daily streaks,Thirty-Five Straight,Complete 35 consecutive Crilo Daily periods without a missed period; only official Daily runs count.,Rare,,Requires player retention model,"Daily-streak commitment, not wheel probability",Minimum 35 calendar days; completion probability depends on attendance and cannot be inferred from wheel simulation.,idea_daily_streak_6,35,Minimum consecutive days (attendance dependent),Cannot validate probability without retention data,,,,Rare,35.0,Minimum 35 consecutive days; missed-day attendance model unknown,,Must recompute user milestones after official run deletion; Test Runs excluded.,,,CONDITIONALLY ACHIEVABLE,NOT CERTIFIED: award tracking + E2E pending
Proposed — revised,Daily streaks,Fifty Straight,Complete 50 consecutive Crilo Daily periods without a missed period; only official Daily runs count.,Rare,,Requires player retention model,"Daily-streak commitment, not wheel probability",Minimum 50 calendar days; completion probability depends on attendance and cannot be inferred from wheel simulation.,idea_daily_streak_7,50,Minimum consecutive days (attendance dependent),Cannot validate probability without retention data,,,,Rare,50.0,Minimum 50 consecutive days; missed-day attendance model unknown,,Must recompute user milestones after official run deletion; Test Runs excluded.,,,CONDITIONALLY ACHIEVABLE,NOT CERTIFIED: award tracking + E2E pending
Proposed — revised,Daily streaks,Seventy-Five Straight,Complete 75 consecutive Crilo Daily periods without a missed period; only official Daily runs count.,Rare,,Requires player retention model,"Daily-streak commitment, not wheel probability",Minimum 75 calendar days; completion probability depends on attendance and cannot be inferred from wheel simulation.,idea_daily_streak_10,75,Minimum consecutive days (attendance dependent),Cannot validate probability without retention data,,,,Rare,75.0,Minimum 75 consecutive days; missed-day attendance model unknown,,Must recompute user milestones after official run deletion; Test Runs excluded.,,,CONDITIONALLY ACHIEVABLE,NOT CERTIFIED: award tracking + E2E pending
Proposed — revised,Daily streaks,Centurion Streak,Complete 100 consecutive Crilo Daily periods without a missed period; only official Daily runs count.,Epic,,Requires player retention model,"Daily-streak commitment, not wheel probability",Minimum 100 calendar days; completion probability depends on attendance and cannot be inferred from wheel simulation.,idea_daily_streak_14,100,Minimum consecutive days (attendance dependent),Cannot validate probability without retention data,,,,Epic,100.0,Minimum 100 consecutive days; missed-day attendance model unknown,,Must recompute user milestones after official run deletion; Test Runs excluded.,,,CONDITIONALLY ACHIEVABLE,NOT CERTIFIED: award tracking + E2E pending
Proposed — revised,Daily streaks,Five Months Straight,Complete 150 consecutive Crilo Daily periods without a missed period; only official Daily runs count.,Epic,,Requires player retention model,"Daily-streak commitment, not wheel probability",Minimum 150 calendar days; completion probability depends on attendance and cannot be inferred from wheel simulation.,idea_daily_streak_21,150,Minimum consecutive days (attendance dependent),Cannot validate probability without retention data,,,,Epic,150.0,Minimum 150 consecutive days; missed-day attendance model unknown,,Must recompute user milestones after official run deletion; Test Runs excluded.,,,CONDITIONALLY ACHIEVABLE,NOT CERTIFIED: award tracking + E2E pending
Proposed — revised,Daily streaks,Two Hundred Straight,Complete 200 consecutive Crilo Daily periods without a missed period; only official Daily runs count.,Anomaly,,Requires player retention model,"Daily-streak commitment, not wheel probability",Minimum 200 calendar days; completion probability depends on attendance and cannot be inferred from wheel simulation.,idea_daily_streak_30,200,Minimum consecutive days (attendance dependent),Cannot validate probability without retention data,,,,Anomaly,200.0,Minimum 200 consecutive days; missed-day attendance model unknown,,Must recompute user milestones after official run deletion; Test Runs excluded.,,,CONDITIONALLY ACHIEVABLE,NOT CERTIFIED: award tracking + E2E pending
Proposed — revised,Daily streaks,Three Hundred Straight,Complete 300 consecutive Crilo Daily periods without a missed period; only official Daily runs count.,Anomaly,,Requires player retention model,"Daily-streak commitment, not wheel probability",Minimum 300 calendar days; completion probability depends on attendance and cannot be inferred from wheel simulation.,idea_daily_streak_45,300,Minimum consecutive days (attendance dependent),Cannot validate probability without retention data,,,,Anomaly,300.0,Minimum 300 consecutive days; missed-day attendance model unknown,,Must recompute user milestones after official run deletion; Test Runs excluded.,,,CONDITIONALLY ACHIEVABLE,NOT CERTIFIED: award tracking + E2E pending
Proposed — revised,Daily streaks,Four Hundred Straight,Complete 400 consecutive Crilo Daily periods without a missed period; only official Daily runs count.,Mythic,,Requires player retention model,"Daily-streak commitment, not wheel probability",Minimum 400 calendar days; completion probability depends on attendance and cannot be inferred from wheel simulation.,idea_daily_streak_60,400,Minimum consecutive days (attendance dependent),Cannot validate probability without retention data,,,,Mythic,400.0,Minimum 400 consecutive days; missed-day attendance model unknown,,Long-horizon completion intentionally exceeds the 90-day ordinary Mythic target.; Must recompute user milestones after official run deletion; Test Runs excluded.,,,CONDITIONALLY ACHIEVABLE,NOT CERTIFIED: award tracking + E2E pending
Proposed — revised,Daily streaks,Five Hundred Straight,Complete 500 consecutive Crilo Daily periods without a missed period; only official Daily runs count.,Mythic,,Requires player retention model,"Daily-streak commitment, not wheel probability",Minimum 500 calendar days; completion probability depends on attendance and cannot be inferred from wheel simulation.,idea_daily_streak_90,500,Minimum consecutive days (attendance dependent),Cannot validate probability without retention data,,,,Mythic,500.0,Minimum 500 consecutive days; missed-day attendance model unknown,,Long-horizon completion intentionally exceeds the 90-day ordinary Mythic target.; Must recompute user milestones after official run deletion; Test Runs excluded.,,,CONDITIONALLY ACHIEVABLE,NOT CERTIFIED: award tracking + E2E pending
Proposed — revised,Daily streaks,Six Fifty Straight,Complete 650 consecutive Crilo Daily periods without a missed period; only official Daily runs count.,Mythic,,Requires player retention model,"Daily-streak commitment, not wheel probability",Minimum 650 calendar days; completion probability depends on attendance and cannot be inferred from wheel simulation.,idea_daily_streak_120,650,Minimum consecutive days (attendance dependent),Cannot validate probability without retention data,,,,Mythic,650.0,Minimum 650 consecutive days; missed-day attendance model unknown,,Long-horizon completion intentionally exceeds the 90-day ordinary Mythic target.; Must recompute user milestones after official run deletion; Test Runs excluded.,,,CONDITIONALLY ACHIEVABLE,NOT CERTIFIED: award tracking + E2E pending
Proposed — revised,Daily streaks,The Thousand-Day Streak,Complete 1000 consecutive Crilo Daily periods without a missed period; only official Daily runs count.,Mythic,,Requires player retention model,"Daily-streak commitment, not wheel probability",Minimum 1000 calendar days; completion probability depends on attendance and cannot be inferred from wheel simulation.,idea_daily_streak_180,1000,Minimum consecutive days (attendance dependent),Cannot validate probability without retention data,,,,Mythic,1000.0,Minimum 1000 consecutive days; missed-day attendance model unknown,,Long-horizon completion intentionally exceeds the 90-day ordinary Mythic target.; Must recompute user milestones after official run deletion; Test Runs excluded.,,,CONDITIONALLY ACHIEVABLE,NOT CERTIFIED: award tracking + E2E pending
Proposed,Leaderboard,First Appearance,Finish any completed Daily in the public Top 100 for that Daily period.,Common,,Unverified; population dependent,"Competition-based heuristic; varies with leaderboard population, tie handling and timing",Award after leaderboard period is finalized; requires tie-breaking and minimum participant rule.,idea_rank_209,,"Competition-based heuristic; varies with leaderboard population, tie handling and timing",Provisional; needs end-to-end evaluation,,,,Common,,Rank attainable only if actual competing accounts occupy needed positions; no population-independent odds.,"Leaderboard finalization, tie-breaking and official-only tracking must be implemented and tested.; Rank tiers should be monotonic: Epic → Common, provisional due population size",,,,CONDITIONALLY ACHIEVABLE,NOT CERTIFIED: award tracking + E2E pending
Proposed,Leaderboard,Top Fifty,Finish any Daily within Top 50.,Common,,Unverified; population dependent,"Competition-based heuristic; varies with leaderboard population, tie handling and timing",Award after leaderboard period is finalized; requires tie-breaking and minimum participant rule.,idea_rank_210,,"Competition-based heuristic; varies with leaderboard population, tie handling and timing",Provisional; needs end-to-end evaluation,,,,Common,,Rank attainable only if actual competing accounts occupy needed positions; no population-independent odds.,"Leaderboard finalization, tie-breaking and official-only tracking must be implemented and tested.; Rank tiers should be monotonic: Anomaly → Common, provisional due population size",,,,CONDITIONALLY ACHIEVABLE,NOT CERTIFIED: award tracking + E2E pending
Proposed,Leaderboard,Top Twenty-Five,Finish any Daily within Top 25.,Uncommon,,Unverified; population dependent,"Competition-based heuristic; varies with leaderboard population, tie handling and timing",Award after leaderboard period is finalized; requires tie-breaking and minimum participant rule.,idea_rank_211,,"Competition-based heuristic; varies with leaderboard population, tie handling and timing",Provisional; needs end-to-end evaluation,,,,Uncommon,,Rank attainable only if actual competing accounts occupy needed positions; no population-independent odds.,"Leaderboard finalization, tie-breaking and official-only tracking must be implemented and tested.; Rank tiers should be monotonic: Rare → Uncommon, provisional due population size",,,,CONDITIONALLY ACHIEVABLE,NOT CERTIFIED: award tracking + E2E pending
Proposed,Leaderboard,Top Ten Ticket,Finish any Daily within Top 10.,Rare,,Unverified; population dependent,"Competition-based heuristic; varies with leaderboard population, tie handling and timing",Award after leaderboard period is finalized; requires tie-breaking and minimum participant rule.,idea_rank_212,,"Competition-based heuristic; varies with leaderboard population, tie handling and timing",Provisional; needs end-to-end evaluation,,,,Rare,,Rank attainable only if actual competing accounts occupy needed positions; no population-independent odds.,"Leaderboard finalization, tie-breaking and official-only tracking must be implemented and tested.; Rank tiers should be monotonic: Epic → Rare, provisional due population size",,,,CONDITIONALLY ACHIEVABLE,NOT CERTIFIED: award tracking + E2E pending
Proposed,Leaderboard,Top Five Club,Finish any Daily within Top 5.,Epic,,Unverified; population dependent,"Competition-based heuristic; varies with leaderboard population, tie handling and timing",Award after leaderboard period is finalized; requires tie-breaking and minimum participant rule.,idea_rank_213,,"Competition-based heuristic; varies with leaderboard population, tie handling and timing",Provisional; needs end-to-end evaluation,,,,Epic,,Rank attainable only if actual competing accounts occupy needed positions; no population-independent odds.,"Leaderboard finalization, tie-breaking and official-only tracking must be implemented and tested.; Rank tiers should be monotonic: Anomaly → Epic, provisional due population size",,,,CONDITIONALLY ACHIEVABLE,NOT CERTIFIED: award tracking + E2E pending
Proposed,Leaderboard,On the Podium,Finish any Daily within Top 3.,Anomaly,,Unverified; population dependent,"Competition-based heuristic; varies with leaderboard population, tie handling and timing",Award after leaderboard period is finalized; requires tie-breaking and minimum participant rule.,idea_rank_214,,"Competition-based heuristic; varies with leaderboard population, tie handling and timing",Provisional; needs end-to-end evaluation,,,,Anomaly,,Rank attainable only if actual competing accounts occupy needed positions; no population-independent odds.,"Leaderboard finalization, tie-breaking and official-only tracking must be implemented and tested.",,,,CONDITIONALLY ACHIEVABLE,NOT CERTIFIED: award tracking + E2E pending
Proposed,Leaderboard,Runner Up,Finish any Daily at #2.,Anomaly,,Unverified; population dependent,"Competition-based heuristic; varies with leaderboard population, tie handling and timing",Award after leaderboard period is finalized; requires tie-breaking and minimum participant rule.,idea_rank_215,,"Competition-based heuristic; varies with leaderboard population, tie handling and timing",Provisional; needs end-to-end evaluation,,,,Anomaly,,Rank attainable only if actual competing accounts occupy needed positions; no population-independent odds.,"Leaderboard finalization, tie-breaking and official-only tracking must be implemented and tested.",,,,CONDITIONALLY ACHIEVABLE,NOT CERTIFIED: award tracking + E2E pending
Proposed,Leaderboard,Bronze Day,Finish any Daily at #3.,Anomaly,,Unverified; population dependent,"Competition-based heuristic; varies with leaderboard population, tie handling and timing",Award after leaderboard period is finalized; requires tie-breaking and minimum participant rule.,idea_rank_216,,"Competition-based heuristic; varies with leaderboard population, tie handling and timing",Provisional; needs end-to-end evaluation,,,,Anomaly,,Rank attainable only if actual competing accounts occupy needed positions; no population-independent odds.,"Leaderboard finalization, tie-breaking and official-only tracking must be implemented and tested.",,,,CONDITIONALLY ACHIEVABLE,NOT CERTIFIED: award tracking + E2E pending
Proposed,Leaderboard,Daily Champion,Finish any Daily at #1.,Mythic,,Unverified; population dependent,"Competition-based heuristic; varies with leaderboard population, tie handling and timing",Award after leaderboard period is finalized; requires tie-breaking and minimum participant rule.,idea_rank_217,,"Competition-based heuristic; varies with leaderboard population, tie handling and timing",Provisional; needs end-to-end evaluation,,,,Mythic,,Rank attainable only if actual competing accounts occupy needed positions; no population-independent odds.,"Leaderboard finalization, tie-breaking and official-only tracking must be implemented and tested.",,,,CONDITIONALLY ACHIEVABLE,NOT CERTIFIED: award tracking + E2E pending
Proposed,Leaderboard,Twice on the Board,Finish within Top 100 on 2 distinct Daily periods.,Uncommon,,Unverified; population dependent,"Competition-based heuristic; varies with leaderboard population, tie handling and timing",Award after leaderboard period is finalized; requires tie-breaking and minimum participant rule.,idea_rank_218,,"Competition-based heuristic; varies with leaderboard population, tie handling and timing",Provisional; needs end-to-end evaluation,,,,Uncommon,,Rank attainable only if actual competing accounts occupy needed positions; no population-independent odds.,"Leaderboard finalization, tie-breaking and official-only tracking must be implemented and tested.; Rank tiers should be monotonic: Epic → Uncommon, provisional due population size",,,,CONDITIONALLY ACHIEVABLE,NOT CERTIFIED: award tracking + E2E pending
Proposed,Leaderboard,Five Appearances,Finish within Top 100 on 5 distinct Daily periods.,Rare,,Unverified; population dependent,"Competition-based heuristic; varies with leaderboard population, tie handling and timing",Award after leaderboard period is finalized; requires tie-breaking and minimum participant rule.,idea_rank_219,,"Competition-based heuristic; varies with leaderboard population, tie handling and timing",Provisional; needs end-to-end evaluation,,,,Rare,,Rank attainable only if actual competing accounts occupy needed positions; no population-independent odds.,"Leaderboard finalization, tie-breaking and official-only tracking must be implemented and tested.; Rank tiers should be monotonic: Epic → Rare, provisional due population size",,,,CONDITIONALLY ACHIEVABLE,NOT CERTIFIED: award tracking + E2E pending
Proposed,Leaderboard,Ten Appearances,Finish within Top 100 on 10 distinct Daily periods.,Epic,,Unverified; population dependent,"Competition-based heuristic; varies with leaderboard population, tie handling and timing",Award after leaderboard period is finalized; requires tie-breaking and minimum participant rule.,idea_rank_220,,"Competition-based heuristic; varies with leaderboard population, tie handling and timing",Provisional; needs end-to-end evaluation,,,,Epic,,Rank attainable only if actual competing accounts occupy needed positions; no population-independent odds.,"Leaderboard finalization, tie-breaking and official-only tracking must be implemented and tested.",,,,CONDITIONALLY ACHIEVABLE,NOT CERTIFIED: award tracking + E2E pending
Proposed,Leaderboard,Repeat Top Ten,Finish within Top 10 on 2 distinct Daily periods.,Epic,,Unverified; population dependent,"Competition-based heuristic; varies with leaderboard population, tie handling and timing",Award after leaderboard period is finalized; requires tie-breaking and minimum participant rule.,idea_rank_221,,"Competition-based heuristic; varies with leaderboard population, tie handling and timing",Provisional; needs end-to-end evaluation,,,,Epic,,Rank attainable only if actual competing accounts occupy needed positions; no population-independent odds.,"Leaderboard finalization, tie-breaking and official-only tracking must be implemented and tested.",,,,CONDITIONALLY ACHIEVABLE,NOT CERTIFIED: award tracking + E2E pending
Proposed,Leaderboard,Five Top Tens,Finish within Top 10 on 5 distinct Daily periods.,Anomaly,,Unverified; population dependent,"Competition-based heuristic; varies with leaderboard population, tie handling and timing",Award after leaderboard period is finalized; requires tie-breaking and minimum participant rule.,idea_rank_222,,"Competition-based heuristic; varies with leaderboard population, tie handling and timing",Provisional; needs end-to-end evaluation,,,,Anomaly,,Rank attainable only if actual competing accounts occupy needed positions; no population-independent odds.,"Leaderboard finalization, tie-breaking and official-only tracking must be implemented and tested.",,,,CONDITIONALLY ACHIEVABLE,NOT CERTIFIED: award tracking + E2E pending
Proposed,Leaderboard,Double Crown,Finish at #1 on 2 distinct Daily periods.,Mythic,,Unverified; population dependent,"Competition-based heuristic; varies with leaderboard population, tie handling and timing",Award after leaderboard period is finalized; requires tie-breaking and minimum participant rule.,idea_rank_223,,"Competition-based heuristic; varies with leaderboard population, tie handling and timing",Provisional; needs end-to-end evaluation,,,,Mythic,,Rank attainable only if actual competing accounts occupy needed positions; no population-independent odds.,"Leaderboard finalization, tie-breaking and official-only tracking must be implemented and tested.",,,,CONDITIONALLY ACHIEVABLE,NOT CERTIFIED: award tracking + E2E pending
Proposed,Social,First Friend,Have at least one accepted mutual Crilo friendship.,Common,,Unverified; social network dependent,Social participation heuristic; depends on number of friends and shared play,Needs privacy-safe friend checks; no rewards for spam invites.,idea_social_224,,Social participation heuristic; depends on number of friends and shared play,Provisional; needs end-to-end evaluation,,,,Common,,Conditional on existence of accepted friends and same-period official results; probability varies with player population.,Requires accepted-friendship lifecycle and mutually authenticated score comparison tests.,,,,CONDITIONALLY ACHIEVABLE,NOT CERTIFIED: award tracking + E2E pending
Proposed,Social,Three Is Company,Have at least 3 accepted mutual Crilo friendships.,Uncommon,,Unverified; social network dependent,Social participation heuristic; depends on number of friends and shared play,Needs privacy-safe friend checks; no rewards for spam invites.,idea_social_225,,Social participation heuristic; depends on number of friends and shared play,Provisional; needs end-to-end evaluation,,,,Uncommon,,Conditional on existence of accepted friends and same-period official results; probability varies with player population.,Requires accepted-friendship lifecycle and mutually authenticated score comparison tests.,,,,CONDITIONALLY ACHIEVABLE,NOT CERTIFIED: award tracking + E2E pending
Proposed,Social,Five Friends,Have at least 5 accepted mutual Crilo friendships.,Rare,,Unverified; social network dependent,Social participation heuristic; depends on number of friends and shared play,Needs privacy-safe friend checks; no rewards for spam invites.,idea_social_226,,Social participation heuristic; depends on number of friends and shared play,Provisional; needs end-to-end evaluation,,,,Rare,,Conditional on existence of accepted friends and same-period official results; probability varies with player population.,Requires accepted-friendship lifecycle and mutually authenticated score comparison tests.,,,,CONDITIONALLY ACHIEVABLE,NOT CERTIFIED: award tracking + E2E pending
Proposed,Social,Ten Friends,Have at least 10 accepted mutual Crilo friendships.,Epic,,Unverified; social network dependent,Social participation heuristic; depends on number of friends and shared play,Needs privacy-safe friend checks; no rewards for spam invites.,idea_social_227,,Social participation heuristic; depends on number of friends and shared play,Provisional; needs end-to-end evaluation,,,,Epic,,Conditional on existence of accepted friends and same-period official results; probability varies with player population.,Requires accepted-friendship lifecycle and mutually authenticated score comparison tests.,,,,CONDITIONALLY ACHIEVABLE,NOT CERTIFIED: award tracking + E2E pending
Proposed,Social,Twenty Friends,Have at least 20 accepted mutual Crilo friendships.,Anomaly,,Unverified; social network dependent,Social participation heuristic; depends on number of friends and shared play,Needs privacy-safe friend checks; no rewards for spam invites.,idea_social_228,,Social participation heuristic; depends on number of friends and shared play,Provisional; needs end-to-end evaluation,,,,Anomaly,,Conditional on existence of accepted friends and same-period official results; probability varies with player population.,Requires accepted-friendship lifecycle and mutually authenticated score comparison tests.,Not currently obtainable with only 3 recorded profile accounts; requires community growth.,,,CONDITIONALLY ACHIEVABLE,NOT CERTIFIED: award tracking + E2E pending
Proposed,Social,Friendly Challenger,Beat an accepted friend’s official score in the same Daily period once.,Uncommon,,Unverified; social network dependent,Social participation heuristic; depends on number of friends and shared play,Needs privacy-safe friend checks; no rewards for spam invites.,idea_social_229,,Social participation heuristic; depends on number of friends and shared play,Provisional; needs end-to-end evaluation,,,,Uncommon,,Conditional on existence of accepted friends and same-period official results; probability varies with player population.,Requires accepted-friendship lifecycle and mutually authenticated score comparison tests.,,,,CONDITIONALLY ACHIEVABLE,NOT CERTIFIED: award tracking + E2E pending
Proposed,Social,Friendly Rivalry,Beat an accepted friend’s official score on 5 distinct Daily periods.,Anomaly,,Unverified; social network dependent,Social participation heuristic; depends on number of friends and shared play,Needs privacy-safe friend checks; no rewards for spam invites.,idea_social_230,,Social participation heuristic; depends on number of friends and shared play,Provisional; needs end-to-end evaluation,,,,Anomaly,,Conditional on existence of accepted friends and same-period official results; probability varies with player population.,Requires accepted-friendship lifecycle and mutually authenticated score comparison tests.,,,,CONDITIONALLY ACHIEVABLE,NOT CERTIFIED: award tracking + E2E pending
Proposed,Social,Close Competition,Finish within 5 score points of an accepted friend during one same-period Daily.,Rare,,Unverified; social network dependent,Social participation heuristic; depends on number of friends and shared play,Needs privacy-safe friend checks; no rewards for spam invites.,idea_social_231,,Social participation heuristic; depends on number of friends and shared play,Provisional; needs end-to-end evaluation,,,,Rare,,Conditional on existence of accepted friends and same-period official results; probability varies with player population.,Requires accepted-friendship lifecycle and mutually authenticated score comparison tests.,,,,CONDITIONALLY ACHIEVABLE,NOT CERTIFIED: award tracking + E2E pending
Proposed,Social,Friend on Top,Have at least one friend finish #1 on a finalized Daily leaderboard.,Anomaly,,Unverified; social network dependent,Social participation heuristic; depends on number of friends and shared play,Needs privacy-safe friend checks; no rewards for spam invites.,idea_social_232,,Social participation heuristic; depends on number of friends and shared play,Provisional; needs end-to-end evaluation,,,,Anomaly,,Conditional on existence of accepted friends and same-period official results; probability varies with player population.,Requires accepted-friendship lifecycle and mutually authenticated score comparison tests.,,,,CONDITIONALLY ACHIEVABLE,NOT CERTIFIED: award tracking + E2E pending
Proposed,Social,Mutual High Five,"On a single Daily period, you and an accepted friend both finish a completed official Daily.",Uncommon,,Unverified; social network dependent,Social participation heuristic; depends on number of friends and shared play,Needs privacy-safe friend checks; no rewards for spam invites.,idea_social_233,,Social participation heuristic; depends on number of friends and shared play,Provisional; needs end-to-end evaluation,,,,Uncommon,,Conditional on existence of accepted friends and same-period official results; probability varies with player population.,Requires accepted-friendship lifecycle and mutually authenticated score comparison tests.,,,,CONDITIONALLY ACHIEVABLE,NOT CERTIFIED: award tracking + E2E pending
Proposed,Drawing,First Scribble,Submit a nonblank drawing with your completed official Daily.,Common,,Participation heuristic,"Optional creative participation; estimated by minimum drawings required, not wheel odds","Exclude removed/moderation-rejected drawings; use meaningful ink validation, not empty canvas clicks.",idea_art_234,,"Optional creative participation; estimated by minimum drawings required, not wheel odds",Provisional; needs end-to-end evaluation,,,,Common,,Feasible with submitted official run drawings and accepted-friend state.,Validate nonblank drawing server-side and reverse credit on run removal/moderation.,,,,CONDITIONALLY ACHIEVABLE,NOT CERTIFIED: award tracking + E2E pending
Proposed,Drawing,Drawn Twice,Submit nonblank drawings on 2 distinct completed official Dailies.,Common,,Participation heuristic,"Optional creative participation; estimated by minimum drawings required, not wheel odds","Exclude removed/moderation-rejected drawings; use meaningful ink validation, not empty canvas clicks.",idea_art_235,,"Optional creative participation; estimated by minimum drawings required, not wheel odds",Provisional; needs end-to-end evaluation,,,,Common,,Feasible with submitted official run drawings and accepted-friend state.,Validate nonblank drawing server-side and reverse credit on run removal/moderation.,,,,CONDITIONALLY ACHIEVABLE,NOT CERTIFIED: award tracking + E2E pending
Proposed,Drawing,Sketchbook Five,Submit nonblank drawings on 5 distinct completed official Dailies.,Common,,Participation heuristic,"Optional creative participation; estimated by minimum drawings required, not wheel odds","Exclude removed/moderation-rejected drawings; use meaningful ink validation, not empty canvas clicks.",idea_art_236,,"Optional creative participation; estimated by minimum drawings required, not wheel odds",Provisional; needs end-to-end evaluation,,,,Common,,Feasible with submitted official run drawings and accepted-friend state.,Validate nonblank drawing server-side and reverse credit on run removal/moderation.,,,,CONDITIONALLY ACHIEVABLE,NOT CERTIFIED: award tracking + E2E pending
Proposed,Drawing,Sketchbook Ten,Submit nonblank drawings on 10 distinct completed official Dailies.,Uncommon,,Participation heuristic,"Optional creative participation; estimated by minimum drawings required, not wheel odds","Exclude removed/moderation-rejected drawings; use meaningful ink validation, not empty canvas clicks.",idea_art_237,,"Optional creative participation; estimated by minimum drawings required, not wheel odds",Provisional; needs end-to-end evaluation,,,,Uncommon,,Feasible with submitted official run drawings and accepted-friend state.,Validate nonblank drawing server-side and reverse credit on run removal/moderation.,,,,CONDITIONALLY ACHIEVABLE,NOT CERTIFIED: award tracking + E2E pending
Proposed,Drawing,Sketchbook Twenty,Submit nonblank drawings on 20 distinct completed official Dailies.,Uncommon,,Participation heuristic,"Optional creative participation; estimated by minimum drawings required, not wheel odds","Exclude removed/moderation-rejected drawings; use meaningful ink validation, not empty canvas clicks.",idea_art_238,,"Optional creative participation; estimated by minimum drawings required, not wheel odds",Provisional; needs end-to-end evaluation,,,,Uncommon,,Feasible with submitted official run drawings and accepted-friend state.,Validate nonblank drawing server-side and reverse credit on run removal/moderation.,,,,CONDITIONALLY ACHIEVABLE,NOT CERTIFIED: award tracking + E2E pending
Proposed,Drawing,Pen Pals,"On one Daily period, you and an accepted friend each submit a nonblank drawing.",Common,,Participation heuristic,"Optional creative participation; estimated by minimum drawings required, not wheel odds","Exclude removed/moderation-rejected drawings; use meaningful ink validation, not empty canvas clicks.",idea_art_239,,"Optional creative participation; estimated by minimum drawings required, not wheel odds",Provisional; needs end-to-end evaluation,,,,Common,,Feasible with submitted official run drawings and accepted-friend state.,Validate nonblank drawing server-side and reverse credit on run removal/moderation.,,,,CONDITIONALLY ACHIEVABLE,NOT CERTIFIED: award tracking + E2E pending
Proposed,Drawing,Illustrated Week,Submit nonblank drawings in 7 consecutive Crilo Daily periods.,Epic,,Participation heuristic,"Optional creative participation; estimated by minimum drawings required, not wheel odds","Exclude removed/moderation-rejected drawings; use meaningful ink validation, not empty canvas clicks.",idea_art_240,,"Optional creative participation; estimated by minimum drawings required, not wheel odds",Provisional; needs end-to-end evaluation,,,,Epic,,Feasible with submitted official run drawings and accepted-friend state.,Validate nonblank drawing server-side and reverse credit on run removal/moderation.,,,,CONDITIONALLY ACHIEVABLE,NOT CERTIFIED: award tracking + E2E pending
Proposed,Drawing,Thirty Drawings Later,Submit nonblank drawings on 30 distinct completed official Dailies.,Rare,,Participation heuristic,"Optional creative participation; estimated by minimum drawings required, not wheel odds","Exclude removed/moderation-rejected drawings; use meaningful ink validation, not empty canvas clicks.",idea_art_241,,"Optional creative participation; estimated by minimum drawings required, not wheel odds",Provisional; needs end-to-end evaluation,,,,Rare,,Feasible with submitted official run drawings and accepted-friend state.,Validate nonblank drawing server-side and reverse credit on run removal/moderation.,,,,CONDITIONALLY ACHIEVABLE,NOT CERTIFIED: award tracking + E2E pending
Proposed,Opening & final spins,Duck at the Door,Your very first spin of an official Daily lands on Duck.,Uncommon,16.7393,Monte Carlo estimate,Monte Carlo: 2000000 completed Dailies,"Final spin rules only use numbered outcomes, which consume the last spin.",idea_edges_242,,"Per completed Daily: reach condition at least once; 1,000,000-run wheel simulation",Provisional; needs end-to-end evaluation,16.6228,332456,2000000,Uncommon,,"Observed 332,456 / 2,000,000 valid simulated Dailies; reproducible positive witness",,,,,VALIDATED MECHANICALLY,NOT CERTIFIED: award tracking + E2E pending
Proposed,Opening & final spins,Double Entrance,Your very first spin of an official Daily lands on ×2.,Rare,8.3349,Monte Carlo estimate,Monte Carlo: 2000000 completed Dailies,"Final spin rules only use numbered outcomes, which consume the last spin.",idea_edges_243,,"Per completed Daily: reach condition at least once; 1,000,000-run wheel simulation",Provisional; needs end-to-end evaluation,8.3186,166372,2000000,Rare,,"Observed 166,372 / 2,000,000 valid simulated Dailies; reproducible positive witness",,,,,VALIDATED MECHANICALLY,NOT CERTIFIED: award tracking + E2E pending
Proposed,Opening & final spins,Upgrade Entrance,Your very first spin of an official Daily lands on Upgrade.,Rare,8.319,Monte Carlo estimate,Monte Carlo: 2000000 completed Dailies,"Final spin rules only use numbered outcomes, which consume the last spin.",idea_edges_244,,"Per completed Daily: reach condition at least once; 1,000,000-run wheel simulation",Provisional; needs end-to-end evaluation,8.3253,166506,2000000,Rare,,"Observed 166,506 / 2,000,000 valid simulated Dailies; reproducible positive witness",,,,,VALIDATED MECHANICALLY,NOT CERTIFIED: award tracking + E2E pending
Proposed,Opening & final spins,Extra Entrance,Your very first spin of an official Daily lands on +2 Spins.,Rare,8.306,Monte Carlo estimate,Monte Carlo: 2000000 completed Dailies,"Final spin rules only use numbered outcomes, which consume the last spin.",idea_edges_245,,"Per completed Daily: reach condition at least once; 1,000,000-run wheel simulation",Provisional; needs end-to-end evaluation,8.32915,166583,2000000,Rare,,"Observed 166,583 / 2,000,000 valid simulated Dailies; reproducible positive witness",,,,,VALIDATED MECHANICALLY,NOT CERTIFIED: award tracking + E2E pending
Proposed,Opening & final spins,Last Little One,Your final spin of an official Daily lands on a base number 1.,Common,37.2197,Monte Carlo estimate,Monte Carlo: 2000000 completed Dailies,"Final spin rules only use numbered outcomes, which consume the last spin.",idea_edges_246,,"Per completed Daily: reach condition at least once; 1,000,000-run wheel simulation",Provisional; needs end-to-end evaluation,37.19895,743979,2000000,Common,,"Observed 743,979 / 2,000,000 valid simulated Dailies; reproducible positive witness",,,,,VALIDATED MECHANICALLY,NOT CERTIFIED: award tracking + E2E pending
Proposed,Opening & final spins,Last Little Two,Your final spin of an official Daily lands on a base number 2.,Uncommon,26.4576,Monte Carlo estimate,Monte Carlo: 2000000 completed Dailies,"Final spin rules only use numbered outcomes, which consume the last spin.",idea_edges_247,,"Per completed Daily: reach condition at least once; 1,000,000-run wheel simulation",Provisional; needs end-to-end evaluation,26.43655,528731,2000000,Uncommon,,"Observed 528,731 / 2,000,000 valid simulated Dailies; reproducible positive witness",,,,,VALIDATED MECHANICALLY,NOT CERTIFIED: award tracking + E2E pending
Proposed,Opening & final spins,Last Little Three,Your final spin of an official Daily lands on a base number 3.,Uncommon,15.6777,Monte Carlo estimate,Monte Carlo: 2000000 completed Dailies,"Final spin rules only use numbered outcomes, which consume the last spin.",idea_edges_248,,"Per completed Daily: reach condition at least once; 1,000,000-run wheel simulation",Provisional; needs end-to-end evaluation,15.70165,314033,2000000,Uncommon,,"Observed 314,033 / 2,000,000 valid simulated Dailies; reproducible positive witness",,,,,VALIDATED MECHANICALLY,NOT CERTIFIED: award tracking + E2E pending
Proposed,Opening & final spins,Last Big Five,Your final spin of an official Daily lands on a base number 5.,Uncommon,15.6824,Monte Carlo estimate,Monte Carlo: 2000000 completed Dailies,"Final spin rules only use numbered outcomes, which consume the last spin.",idea_edges_249,,"Per completed Daily: reach condition at least once; 1,000,000-run wheel simulation",Provisional; needs end-to-end evaluation,15.7015,314030,2000000,Uncommon,,"Observed 314,030 / 2,000,000 valid simulated Dailies; reproducible positive witness",,,,,VALIDATED MECHANICALLY,NOT CERTIFIED: award tracking + E2E pending
Proposed — revised,Lifetime collections,Number Apprentice,Record at least 100 number results across completed official Daily runs; Test Runs excluded.,Uncommon,,Estimated mean completion time,Lifetime: estimated days to reach at 1 official Daily/day; NOT per-run probability,Approx. 18 Daily runs at measured simulated mean outcomes/run; actual completion time varies. Requires per-account server aggregation.,proposal_linear_001,18,Expected days (simulation-derived mean events/day),Estimate; implement/test before deployment,,,,Uncommon,17.6,"Estimated 17.6 days at one official Daily/day (expected-value estimate, not fixed duration)",,Must recompute user milestones after official run deletion; Test Runs excluded.,,,CONDITIONALLY ACHIEVABLE,NOT CERTIFIED: award tracking + E2E pending
Proposed — revised,Lifetime collections,Number Veteran,Record at least 500 number results across completed official Daily runs; Test Runs excluded.,Epic,,Estimated mean completion time,Lifetime: estimated days to reach at 1 official Daily/day; NOT per-run probability,Approx. 88 Daily runs at measured simulated mean outcomes/run; actual completion time varies. Requires per-account server aggregation.,proposal_linear_002,88,Expected days (simulation-derived mean events/day),Estimate; implement/test before deployment,,,,Epic,88.0,"Estimated 88.0 days at one official Daily/day (expected-value estimate, not fixed duration)",Lifetime completion-time tier proposed: Rare → Epic (~88 days),Must recompute user milestones after official run deletion; Test Runs excluded.,,,CONDITIONALLY ACHIEVABLE,NOT CERTIFIED: award tracking + E2E pending
Proposed — revised,Lifetime collections,Pond Historian,Record at least 450 Duck results across completed official Daily runs; Test Runs excluded.,Mythic,,Estimated mean completion time,Lifetime: estimated days to reach at 1 official Daily/day; NOT per-run probability,Approx. 330 Daily runs at measured simulated mean outcomes/run; actual completion time varies. Requires per-account server aggregation.,proposal_linear_003,330,Expected days (simulation-derived mean events/day),Estimate; implement/test before deployment,,,,Mythic,329.8,"Estimated 329.8 days at one official Daily/day (expected-value estimate, not fixed duration)",Lifetime completion-time tier proposed: Anomaly → Mythic (~330 days),Must recompute user milestones after official run deletion; Test Runs excluded.,,,CONDITIONALLY ACHIEVABLE,NOT CERTIFIED: award tracking + E2E pending
Proposed — revised,Lifetime collections,Quackologist,Record at least 750 Duck results across completed official Daily runs; Test Runs excluded.,Mythic,,Estimated mean completion time,Lifetime: estimated days to reach at 1 official Daily/day; NOT per-run probability,Approx. 551 Daily runs at measured simulated mean outcomes/run; actual completion time varies. Requires per-account server aggregation.,proposal_linear_004,551,Expected days (simulation-derived mean events/day),Estimate; implement/test before deployment,,,,Mythic,549.7,"Estimated 549.7 days at one official Daily/day (expected-value estimate, not fixed duration)",,Must recompute user milestones after official run deletion; Test Runs excluded.,,,CONDITIONALLY ACHIEVABLE,NOT CERTIFIED: award tracking + E2E pending
Proposed — revised,Lifetime collections,Double Archivist,Record at least 300 ×2 results across completed official Daily runs; Test Runs excluded.,Mythic,,Estimated mean completion time,Lifetime: estimated days to reach at 1 official Daily/day; NOT per-run probability,Approx. 440 Daily runs at measured simulated mean outcomes/run; actual completion time varies. Requires per-account server aggregation.,proposal_linear_005,440,Expected days (simulation-derived mean events/day),Estimate; implement/test before deployment,,,,Mythic,440.1,"Estimated 440.1 days at one official Daily/day (expected-value estimate, not fixed duration)",,Must recompute user milestones after official run deletion; Test Runs excluded.,,,CONDITIONALLY ACHIEVABLE,NOT CERTIFIED: award tracking + E2E pending
Proposed — revised,Lifetime collections,Doubling Legend,Record at least 500 ×2 results across completed official Daily runs; Test Runs excluded.,Mythic,,Estimated mean completion time,Lifetime: estimated days to reach at 1 official Daily/day; NOT per-run probability,Approx. 734 Daily runs at measured simulated mean outcomes/run; actual completion time varies. Requires per-account server aggregation.,proposal_linear_006,734,Expected days (simulation-derived mean events/day),Estimate; implement/test before deployment,,,,Mythic,733.5,"Estimated 733.5 days at one official Daily/day (expected-value estimate, not fixed duration)",,Must recompute user milestones after official run deletion; Test Runs excluded.,,,CONDITIONALLY ACHIEVABLE,NOT CERTIFIED: award tracking + E2E pending
Proposed — revised,Lifetime collections,Bonus Archivist,Record at least 300 +2 Spins results across completed official Daily runs; Test Runs excluded.,Mythic,,Estimated mean completion time,Lifetime: estimated days to reach at 1 official Daily/day; NOT per-run probability,Approx. 439 Daily runs at measured simulated mean outcomes/run; actual completion time varies. Requires per-account server aggregation.,proposal_linear_007,439,Expected days (simulation-derived mean events/day),Estimate; implement/test before deployment,,,,Mythic,439.6,"Estimated 439.6 days at one official Daily/day (expected-value estimate, not fixed duration)",,Must recompute user milestones after official run deletion; Test Runs excluded.,,,CONDITIONALLY ACHIEVABLE,NOT CERTIFIED: award tracking + E2E pending
Proposed — revised,Lifetime collections,Bonus Legend,Record at least 500 +2 Spins results across completed official Daily runs; Test Runs excluded.,Mythic,,Estimated mean completion time,Lifetime: estimated days to reach at 1 official Daily/day; NOT per-run probability,Approx. 732 Daily runs at measured simulated mean outcomes/run; actual completion time varies. Requires per-account server aggregation.,proposal_linear_008,732,Expected days (simulation-derived mean events/day),Estimate; implement/test before deployment,,,,Mythic,732.7,"Estimated 732.7 days at one official Daily/day (expected-value estimate, not fixed duration)",,Must recompute user milestones after official run deletion; Test Runs excluded.,,,CONDITIONALLY ACHIEVABLE,NOT CERTIFIED: award tracking + E2E pending
Proposed — revised,Lifetime collections,Evolution Archivist,Record at least 300 Upgrade results across completed official Daily runs; Test Runs excluded.,Mythic,,Estimated mean completion time,Lifetime: estimated days to reach at 1 official Daily/day; NOT per-run probability,Approx. 439 Daily runs at measured simulated mean outcomes/run; actual completion time varies. Requires per-account server aggregation.,proposal_linear_009,439,Expected days (simulation-derived mean events/day),Estimate; implement/test before deployment,,,,Mythic,439.0,"Estimated 439.0 days at one official Daily/day (expected-value estimate, not fixed duration)",,Must recompute user milestones after official run deletion; Test Runs excluded.,,,CONDITIONALLY ACHIEVABLE,NOT CERTIFIED: award tracking + E2E pending
Proposed — revised,Lifetime collections,Evolution Legend,Record at least 500 Upgrade results across completed official Daily runs; Test Runs excluded.,Mythic,,Estimated mean completion time,Lifetime: estimated days to reach at 1 official Daily/day; NOT per-run probability,Approx. 731 Daily runs at measured simulated mean outcomes/run; actual completion time varies. Requires per-account server aggregation.,proposal_linear_010,731,Expected days (simulation-derived mean events/day),Estimate; implement/test before deployment,,,,Mythic,731.6,"Estimated 731.6 days at one official Daily/day (expected-value estimate, not fixed duration)",,Must recompute user milestones after official run deletion; Test Runs excluded.,,,CONDITIONALLY ACHIEVABLE,NOT CERTIFIED: award tracking + E2E pending
Proposed — revised,Lifetime number slices,Base 1 Collector 25,Land the base-number 1 slice at least 25 times across completed official Daily runs (before Upgrade multipliers).,Uncommon,,Estimated mean completion time,Lifetime: estimated days to reach at 1 official Daily/day; NOT per-run probability,Approx. 11 Daily runs at measured simulated mean outcomes/run; actual completion time varies. Requires per-account server aggregation.,proposal_linear_011,11,Expected days (simulation-derived mean events/day),Estimate; implement/test before deployment,,,,Uncommon,11.2,"Estimated 11.2 days at one official Daily/day (expected-value estimate, not fixed duration)",,Rate from all completed official Daily spins.; Must recompute user milestones after official run deletion; Test Runs excluded.,,,CONDITIONALLY ACHIEVABLE,NOT CERTIFIED: award tracking + E2E pending
Proposed — revised,Lifetime number slices,Base 1 Collector 150,Land the base-number 1 slice at least 150 times across completed official Daily runs (before Upgrade multipliers).,Rare,,Estimated mean completion time,Lifetime: estimated days to reach at 1 official Daily/day; NOT per-run probability,Approx. 67 Daily runs at measured simulated mean outcomes/run; actual completion time varies. Requires per-account server aggregation.,proposal_linear_012,67,Expected days (simulation-derived mean events/day),Estimate; implement/test before deployment,,,,Rare,67.3,"Estimated 67.3 days at one official Daily/day (expected-value estimate, not fixed duration)",,Rate from all completed official Daily spins.; Must recompute user milestones after official run deletion; Test Runs excluded.,,,CONDITIONALLY ACHIEVABLE,NOT CERTIFIED: award tracking + E2E pending
Proposed — revised,Lifetime number slices,Base 2 Collector 25,Land the base-number 2 slice at least 25 times across completed official Daily runs (before Upgrade multipliers).,Uncommon,,Estimated mean completion time,Lifetime: estimated days to reach at 1 official Daily/day; NOT per-run probability,Approx. 16 Daily runs at measured simulated mean outcomes/run; actual completion time varies. Requires per-account server aggregation.,proposal_linear_013,16,Expected days (simulation-derived mean events/day),Estimate; implement/test before deployment,,,,Uncommon,16.2,"Estimated 16.2 days at one official Daily/day (expected-value estimate, not fixed duration)",,Rate from all completed official Daily spins.; Must recompute user milestones after official run deletion; Test Runs excluded.,,,CONDITIONALLY ACHIEVABLE,NOT CERTIFIED: award tracking + E2E pending
Proposed — revised,Lifetime number slices,Base 2 Collector 150,Land the base-number 2 slice at least 150 times across completed official Daily runs (before Upgrade multipliers).,Epic,,Estimated mean completion time,Lifetime: estimated days to reach at 1 official Daily/day; NOT per-run probability,Approx. 97 Daily runs at measured simulated mean outcomes/run; actual completion time varies. Requires per-account server aggregation.,proposal_linear_014,97,Expected days (simulation-derived mean events/day),Estimate; implement/test before deployment,,,,Epic,97.0,"Estimated 97.0 days at one official Daily/day (expected-value estimate, not fixed duration)",,Rate from all completed official Daily spins.; Must recompute user milestones after official run deletion; Test Runs excluded.,,,CONDITIONALLY ACHIEVABLE,NOT CERTIFIED: award tracking + E2E pending
Proposed — revised,Lifetime number slices,Base 3 Collector 25,Land the base-number 3 slice at least 25 times across completed official Daily runs (before Upgrade multipliers).,Uncommon,,Estimated mean completion time,Lifetime: estimated days to reach at 1 official Daily/day; NOT per-run probability,Approx. 29 Daily runs at measured simulated mean outcomes/run; actual completion time varies. Requires per-account server aggregation.,proposal_linear_015,29,Expected days (simulation-derived mean events/day),Estimate; implement/test before deployment,,,,Uncommon,29.0,"Estimated 29.0 days at one official Daily/day (expected-value estimate, not fixed duration)",,Rate from all completed official Daily spins.; Must recompute user milestones after official run deletion; Test Runs excluded.,,,CONDITIONALLY ACHIEVABLE,NOT CERTIFIED: award tracking + E2E pending
Proposed — revised,Lifetime number slices,Base 3 Collector 150,Land the base-number 3 slice at least 150 times across completed official Daily runs (before Upgrade multipliers).,Anomaly,,Estimated mean completion time,Lifetime: estimated days to reach at 1 official Daily/day; NOT per-run probability,Approx. 174 Daily runs at measured simulated mean outcomes/run; actual completion time varies. Requires per-account server aggregation.,proposal_linear_016,174,Expected days (simulation-derived mean events/day),Estimate; implement/test before deployment,,,,Anomaly,173.9,"Estimated 173.9 days at one official Daily/day (expected-value estimate, not fixed duration)",Lifetime completion-time tier proposed: Epic → Anomaly (~174 days),Rate from all completed official Daily spins.; Must recompute user milestones after official run deletion; Test Runs excluded.,,,CONDITIONALLY ACHIEVABLE,NOT CERTIFIED: award tracking + E2E pending
Proposed — revised,Lifetime number slices,Base 5 Collector 25,Land the base-number 5 slice at least 25 times across completed official Daily runs (before Upgrade multipliers).,Uncommon,,Estimated mean completion time,Lifetime: estimated days to reach at 1 official Daily/day; NOT per-run probability,Approx. 24 Daily runs at measured simulated mean outcomes/run; actual completion time varies. Requires per-account server aggregation.,proposal_linear_017,24,Expected days (simulation-derived mean events/day),Estimate; implement/test before deployment,,,,Uncommon,28.9,"Estimated 28.9 days at one official Daily/day (expected-value estimate, not fixed duration)",,Rate from all completed official Daily spins.; Must recompute user milestones after official run deletion; Test Runs excluded.,,,CONDITIONALLY ACHIEVABLE,NOT CERTIFIED: award tracking + E2E pending
Proposed — revised,Lifetime number slices,Base 5 Collector 150,Land the base-number 5 slice at least 150 times across completed official Daily runs (before Upgrade multipliers).,Anomaly,,Estimated mean completion time,Lifetime: estimated days to reach at 1 official Daily/day; NOT per-run probability,Approx. 144 Daily runs at measured simulated mean outcomes/run; actual completion time varies. Requires per-account server aggregation.,proposal_linear_018,144,Expected days (simulation-derived mean events/day),Estimate; implement/test before deployment,,,,Anomaly,173.6,"Estimated 173.6 days at one official Daily/day (expected-value estimate, not fixed duration)",Lifetime completion-time tier proposed: Epic → Anomaly (~174 days),Rate from all completed official Daily spins.; Must recompute user milestones after official run deletion; Test Runs excluded.,,,CONDITIONALLY ACHIEVABLE,NOT CERTIFIED: award tracking + E2E pending
Proposed — new,Spin positions,Number on Spin 1,"On the 1st actual spin of a completed official Daily run, land any number slice.",Common,,Not measured,Monte Carlo: 2000000 completed Dailies,"Not live. Verify distinctness, event tracking and actual rarity before approval.",proposal_linear_019,,Provisional—needs probability simulation or milestone review,Provisional; needs end-to-end evaluation,58.40415,1168083,2000000,Common,,"Observed 1,168,083 / 2,000,000 valid simulated Dailies; reproducible positive witness",,"Grammar: change to 1st, 2nd, 3rd.",,,VALIDATED MECHANICALLY,NOT CERTIFIED: award tracking + E2E pending
Proposed — new,Spin positions,Number on Spin 2,"On the 2nd actual spin of a completed official Daily run, land any number slice.",Common,,Not measured,Monte Carlo: 2000000 completed Dailies,"Not live. Verify distinctness, event tracking and actual rarity before approval.",proposal_linear_020,,Provisional—needs probability simulation or milestone review,Provisional; needs end-to-end evaluation,59.3654,1187308,2000000,Common,,"Observed 1,187,308 / 2,000,000 valid simulated Dailies; reproducible positive witness",,"Grammar: change to 1st, 2nd, 3rd.",,,VALIDATED MECHANICALLY,NOT CERTIFIED: award tracking + E2E pending
Proposed — new,Spin positions,Number on Spin 3,"On the 3rd actual spin of a completed official Daily run, land any number slice.",Common,,Not measured,Monte Carlo: 2000000 completed Dailies,"Not live. Verify distinctness, event tracking and actual rarity before approval.",proposal_linear_021,,Provisional—needs probability simulation or milestone review,Provisional; needs end-to-end evaluation,60.3317,1206634,2000000,Common,,"Observed 1,206,634 / 2,000,000 valid simulated Dailies; reproducible positive witness",,"Grammar: change to 1st, 2nd, 3rd.",,,VALIDATED MECHANICALLY,NOT CERTIFIED: award tracking + E2E pending
Proposed — new,Spin positions,Number on Spin 4,"On the 4th actual spin of a completed official Daily run, land any number slice.",Common,,Not measured,Monte Carlo: 2000000 completed Dailies,"Not live. Verify distinctness, event tracking and actual rarity before approval.",proposal_linear_022,,Provisional—needs probability simulation or milestone review,Provisional; needs end-to-end evaluation,61.23365,1224673,2000000,Common,,"Observed 1,224,673 / 2,000,000 valid simulated Dailies; reproducible positive witness",,,,,VALIDATED MECHANICALLY,NOT CERTIFIED: award tracking + E2E pending
Proposed — new,Spin positions,Number on Spin 5,"On the 5th actual spin of a completed official Daily run, land any number slice.",Common,,Not measured,Monte Carlo: 2000000 completed Dailies,"Not live. Verify distinctness, event tracking and actual rarity before approval.",proposal_linear_023,,Provisional—needs probability simulation or milestone review,Provisional; needs end-to-end evaluation,62.1904,1243808,2000000,Common,,"Observed 1,243,808 / 2,000,000 valid simulated Dailies; reproducible positive witness",,,,,VALIDATED MECHANICALLY,NOT CERTIFIED: award tracking + E2E pending
Proposed — new,Number slice patterns,Ones in the Mix 2,Land at least 2 base-number 1 slices during the same completed official Daily run (not necessarily consecutive).,Common,,Not measured,Monte Carlo: 2000000 completed Dailies,"Not live. Verify distinctness, event tracking and actual rarity before approval.",proposal_linear_024,,Provisional—needs probability simulation or milestone review,Provisional; needs end-to-end evaluation,70.53435,1410687,2000000,Common,,"Observed 1,410,687 / 2,000,000 valid simulated Dailies; reproducible positive witness",Rarity corrected Uncommon → Common using observed per-run probability,,,,VALIDATED MECHANICALLY,NOT CERTIFIED: award tracking + E2E pending
Proposed — new,Number slice patterns,Ones in the Mix 3,Land at least 3 base-number 1 slices during the same completed official Daily run (not necessarily consecutive).,Common,,Not measured,Monte Carlo: 2000000 completed Dailies,"Not live. Verify distinctness, event tracking and actual rarity before approval.",proposal_linear_025,,Provisional—needs probability simulation or milestone review,Provisional; needs end-to-end evaluation,39.4094,788188,2000000,Common,,"Observed 788,188 / 2,000,000 valid simulated Dailies; reproducible positive witness",Rarity corrected Uncommon → Common using observed per-run probability,,,,VALIDATED MECHANICALLY,NOT CERTIFIED: award tracking + E2E pending
Proposed — new,Number slice patterns,Twos in the Mix 2,Land at least 2 base-number 2 slices during the same completed official Daily run (not necessarily consecutive).,Common,,Not measured,Monte Carlo: 2000000 completed Dailies,"Not live. Verify distinctness, event tracking and actual rarity before approval.",proposal_linear_026,,Provisional—needs probability simulation or milestone review,Provisional; needs end-to-end evaluation,47.8131,956262,2000000,Common,,"Observed 956,262 / 2,000,000 valid simulated Dailies; reproducible positive witness",Rarity corrected Uncommon → Common using observed per-run probability,,,,VALIDATED MECHANICALLY,NOT CERTIFIED: award tracking + E2E pending
Proposed — new,Number slice patterns,Twos in the Mix 3,Land at least 3 base-number 2 slices during the same completed official Daily run (not necessarily consecutive).,Uncommon,,Not measured,Monte Carlo: 2000000 completed Dailies,"Not live. Verify distinctness, event tracking and actual rarity before approval.",proposal_linear_027,,Provisional—needs probability simulation or milestone review,Provisional; needs end-to-end evaluation,18.6287,372574,2000000,Uncommon,,"Observed 372,574 / 2,000,000 valid simulated Dailies; reproducible positive witness",,,,,VALIDATED MECHANICALLY,NOT CERTIFIED: award tracking + E2E pending
Proposed — new,Number slice patterns,Threes in the Mix 2,Land at least 2 base-number 3 slices during the same completed official Daily run (not necessarily consecutive).,Uncommon,,Not measured,Monte Carlo: 2000000 completed Dailies,"Not live. Verify distinctness, event tracking and actual rarity before approval.",proposal_linear_028,,Provisional—needs probability simulation or milestone review,Provisional; needs end-to-end evaluation,21.09725,421945,2000000,Uncommon,,"Observed 421,945 / 2,000,000 valid simulated Dailies; reproducible positive witness",,,,,VALIDATED MECHANICALLY,NOT CERTIFIED: award tracking + E2E pending
Proposed — new,Number slice patterns,Threes in the Mix 3,Land at least 3 base-number 3 slices during the same completed official Daily run (not necessarily consecutive).,Epic,,Not measured,Monte Carlo: 2000000 completed Dailies,"Not live. Verify distinctness, event tracking and actual rarity before approval.",proposal_linear_029,,Provisional—needs probability simulation or milestone review,Provisional; needs end-to-end evaluation,4.8899,97798,2000000,Epic,,"Observed 97,798 / 2,000,000 valid simulated Dailies; reproducible positive witness",Rarity corrected Uncommon → Epic using observed per-run probability,,,,VALIDATED MECHANICALLY,NOT CERTIFIED: award tracking + E2E pending
Proposed — new,Number slice patterns,Fives in the Mix 2,Land at least 2 base-number 5 slices during the same completed official Daily run (not necessarily consecutive).,Uncommon,,Not measured,Monte Carlo: 2000000 completed Dailies,"Not live. Verify distinctness, event tracking and actual rarity before approval.",proposal_linear_030,,Provisional—needs probability simulation or milestone review,Provisional; needs end-to-end evaluation,21.12525,422505,2000000,Uncommon,,"Observed 422,505 / 2,000,000 valid simulated Dailies; reproducible positive witness",,,,,VALIDATED MECHANICALLY,NOT CERTIFIED: award tracking + E2E pending
Proposed — new,Number slice patterns,Fives in the Mix 3,Land at least 3 base-number 5 slices during the same completed official Daily run (not necessarily consecutive).,Epic,,Not measured,Monte Carlo: 2000000 completed Dailies,"Not live. Verify distinctness, event tracking and actual rarity before approval.",proposal_linear_031,,Provisional—needs probability simulation or milestone review,Provisional; needs end-to-end evaluation,4.8837,97674,2000000,Epic,,"Observed 97,674 / 2,000,000 valid simulated Dailies; reproducible positive witness",Rarity corrected Uncommon → Epic using observed per-run probability,,,,VALIDATED MECHANICALLY,NOT CERTIFIED: award tracking + E2E pending
Proposed — new,Number slice patterns,One-Two Pair,Get consecutive number slices with base values 1 then 2 in one official Daily run; Upgrades do not change their base values.,Uncommon,,Not measured,Monte Carlo: 2000000 completed Dailies,"Not live. Verify distinctness, event tracking and actual rarity before approval.",proposal_linear_032,,Provisional—needs probability simulation or milestone review,Provisional; needs end-to-end evaluation,29.0186,580372,2000000,Uncommon,,"Observed 580,372 / 2,000,000 valid simulated Dailies; reproducible positive witness",,,,,VALIDATED MECHANICALLY,NOT CERTIFIED: award tracking + E2E pending
Proposed — new,Number slice patterns,Two-Three Pair,Get consecutive number slices with base values 2 then 3 in one official Daily run; Upgrades do not change their base values.,Uncommon,,Not measured,Monte Carlo: 2000000 completed Dailies,"Not live. Verify distinctness, event tracking and actual rarity before approval.",proposal_linear_033,,Provisional—needs probability simulation or milestone review,Provisional; needs end-to-end evaluation,11.5626,231252,2000000,Uncommon,,"Observed 231,252 / 2,000,000 valid simulated Dailies; reproducible positive witness",,,,,VALIDATED MECHANICALLY,NOT CERTIFIED: award tracking + E2E pending
Proposed — new,Number slice patterns,Three-Five Pair,Get consecutive number slices with base values 3 then 5 in one official Daily run; Upgrades do not change their base values.,Rare,,Not measured,Monte Carlo: 2000000 completed Dailies,"Not live. Verify distinctness, event tracking and actual rarity before approval.",proposal_linear_034,,Provisional—needs probability simulation or milestone review,Provisional; needs end-to-end evaluation,6.55425,131085,2000000,Rare,,"Observed 131,085 / 2,000,000 valid simulated Dailies; reproducible positive witness",Rarity corrected Uncommon → Rare using observed per-run probability,,,,VALIDATED MECHANICALLY,NOT CERTIFIED: award tracking + E2E pending
Proposed — new,Number slice patterns,One-Five Pair,Get consecutive number slices with base values 1 then 5 in one official Daily run; Upgrades do not change their base values.,Uncommon,,Not measured,Monte Carlo: 2000000 completed Dailies,"Not live. Verify distinctness, event tracking and actual rarity before approval.",proposal_linear_035,,Provisional—needs probability simulation or milestone review,Provisional; needs end-to-end evaluation,16.46775,329355,2000000,Uncommon,,"Observed 329,355 / 2,000,000 valid simulated Dailies; reproducible positive witness",,,,,VALIDATED MECHANICALLY,NOT CERTIFIED: award tracking + E2E pending
Proposed — new,Wheel placement,"Duck Opens, 1 Closes","On one official Daily, the first actual spin lands duck, and the final actual spin lands a base-number 1 slice (the last outcome must be a number).",Rare,,Not measured,Monte Carlo: 2000000 completed Dailies,"Not live. Verify distinctness, event tracking and actual rarity before approval.",proposal_linear_036,,Provisional—needs probability simulation or milestone review,Provisional; needs end-to-end evaluation,6.16855,123371,2000000,Rare,,"Observed 123,371 / 2,000,000 valid simulated Dailies; reproducible positive witness",,,,,VALIDATED MECHANICALLY,NOT CERTIFIED: award tracking + E2E pending
Proposed — new,Wheel placement,"Duck Opens, 2 Closes","On one official Daily, the first actual spin lands duck, and the final actual spin lands a base-number 2 slice (the last outcome must be a number).",Epic,,Not measured,Monte Carlo: 2000000 completed Dailies,"Not live. Verify distinctness, event tracking and actual rarity before approval.",proposal_linear_037,,Provisional—needs probability simulation or milestone review,Provisional; needs end-to-end evaluation,4.38185,87637,2000000,Epic,,"Observed 87,637 / 2,000,000 valid simulated Dailies; reproducible positive witness",Rarity corrected Rare → Epic using observed per-run probability,,,,VALIDATED MECHANICALLY,NOT CERTIFIED: award tracking + E2E pending
Proposed — new,Wheel placement,"Duck Opens, 5 Closes","On one official Daily, the first actual spin lands duck, and the final actual spin lands a base-number 5 slice (the last outcome must be a number).",Epic,,Not measured,Monte Carlo: 2000000 completed Dailies,"Not live. Verify distinctness, event tracking and actual rarity before approval.",proposal_linear_038,,Provisional—needs probability simulation or milestone review,Provisional; needs end-to-end evaluation,2.60575,52115,2000000,Epic,,"Observed 52,115 / 2,000,000 valid simulated Dailies; reproducible positive witness",Rarity corrected Rare → Epic using observed per-run probability,,,,VALIDATED MECHANICALLY,NOT CERTIFIED: award tracking + E2E pending
Proposed — new,Wheel placement,"Double Opens, 1 Closes","On one official Daily, the first actual spin lands double, and the final actual spin lands a base-number 1 slice (the last outcome must be a number).",Epic,,Not measured,Monte Carlo: 2000000 completed Dailies,"Not live. Verify distinctness, event tracking and actual rarity before approval.",proposal_linear_039,,Provisional—needs probability simulation or milestone review,Provisional; needs end-to-end evaluation,3.09215,61843,2000000,Epic,,"Observed 61,843 / 2,000,000 valid simulated Dailies; reproducible positive witness",Rarity corrected Rare → Epic using observed per-run probability,,,,VALIDATED MECHANICALLY,NOT CERTIFIED: award tracking + E2E pending
Proposed — new,Wheel placement,"Double Opens, 2 Closes","On one official Daily, the first actual spin lands double, and the final actual spin lands a base-number 2 slice (the last outcome must be a number).",Epic,,Not measured,Monte Carlo: 2000000 completed Dailies,"Not live. Verify distinctness, event tracking and actual rarity before approval.",proposal_linear_040,,Provisional—needs probability simulation or milestone review,Provisional; needs end-to-end evaluation,2.19025,43805,2000000,Epic,,"Observed 43,805 / 2,000,000 valid simulated Dailies; reproducible positive witness",Rarity corrected Rare → Epic using observed per-run probability,,,,VALIDATED MECHANICALLY,NOT CERTIFIED: award tracking + E2E pending
Proposed — new,Wheel placement,"Double Opens, 5 Closes","On one official Daily, the first actual spin lands double, and the final actual spin lands a base-number 5 slice (the last outcome must be a number).",Anomaly,,Not measured,Monte Carlo: 2000000 completed Dailies,"Not live. Verify distinctness, event tracking and actual rarity before approval.",proposal_linear_041,,Provisional—needs probability simulation or milestone review,Provisional; needs end-to-end evaluation,1.30545,26109,2000000,Anomaly,,"Observed 26,109 / 2,000,000 valid simulated Dailies; reproducible positive witness",Rarity corrected Rare → Anomaly using observed per-run probability,,,,VALIDATED MECHANICALLY,NOT CERTIFIED: award tracking + E2E pending
Proposed — new,Wheel placement,"Bonus Opens, 1 Closes","On one official Daily, the first actual spin lands spins, and the final actual spin lands a base-number 1 slice (the last outcome must be a number).",Epic,,Not measured,Monte Carlo: 2000000 completed Dailies,"Not live. Verify distinctness, event tracking and actual rarity before approval.",proposal_linear_042,,Provisional—needs probability simulation or milestone review,Provisional; needs end-to-end evaluation,3.0365,60730,2000000,Epic,,"Observed 60,730 / 2,000,000 valid simulated Dailies; reproducible positive witness",Rarity corrected Rare → Epic using observed per-run probability,,,,VALIDATED MECHANICALLY,NOT CERTIFIED: award tracking + E2E pending
Proposed — new,Wheel placement,"Bonus Opens, 2 Closes","On one official Daily, the first actual spin lands spins, and the final actual spin lands a base-number 2 slice (the last outcome must be a number).",Epic,,Not measured,Monte Carlo: 2000000 completed Dailies,"Not live. Verify distinctness, event tracking and actual rarity before approval.",proposal_linear_043,,Provisional—needs probability simulation or milestone review,Provisional; needs end-to-end evaluation,2.1632,43264,2000000,Epic,,"Observed 43,264 / 2,000,000 valid simulated Dailies; reproducible positive witness",Rarity corrected Rare → Epic using observed per-run probability,,,,VALIDATED MECHANICALLY,NOT CERTIFIED: award tracking + E2E pending
Proposed — new,Wheel placement,"Bonus Opens, 5 Closes","On one official Daily, the first actual spin lands spins, and the final actual spin lands a base-number 5 slice (the last outcome must be a number).",Anomaly,,Not measured,Monte Carlo: 2000000 completed Dailies,"Not live. Verify distinctness, event tracking and actual rarity before approval.",proposal_linear_044,,Provisional—needs probability simulation or milestone review,Provisional; needs end-to-end evaluation,1.3274,26548,2000000,Anomaly,,"Observed 26,548 / 2,000,000 valid simulated Dailies; reproducible positive witness",Rarity corrected Rare → Anomaly using observed per-run probability,,,,VALIDATED MECHANICALLY,NOT CERTIFIED: award tracking + E2E pending
Proposed — new,Wheel placement,"Upgrade Opens, 1 Closes","On one official Daily, the first actual spin lands upgrade, and the final actual spin lands a base-number 1 slice (the last outcome must be a number).",Epic,,Not measured,Monte Carlo: 2000000 completed Dailies,"Not live. Verify distinctness, event tracking and actual rarity before approval.",proposal_linear_045,,Provisional—needs probability simulation or milestone review,Provisional; needs end-to-end evaluation,2.6317,52634,2000000,Epic,,"Observed 52,634 / 2,000,000 valid simulated Dailies; reproducible positive witness",Rarity corrected Rare → Epic using observed per-run probability,,,,VALIDATED MECHANICALLY,NOT CERTIFIED: award tracking + E2E pending
Proposed — new,Wheel placement,"Upgrade Opens, 2 Closes","On one official Daily, the first actual spin lands upgrade, and the final actual spin lands a base-number 2 slice (the last outcome must be a number).",Epic,,Not measured,Monte Carlo: 2000000 completed Dailies,"Not live. Verify distinctness, event tracking and actual rarity before approval.",proposal_linear_046,,Provisional—needs probability simulation or milestone review,Provisional; needs end-to-end evaluation,2.03755,40751,2000000,Epic,,"Observed 40,751 / 2,000,000 valid simulated Dailies; reproducible positive witness",Rarity corrected Rare → Epic using observed per-run probability,,,,VALIDATED MECHANICALLY,NOT CERTIFIED: award tracking + E2E pending
Proposed — new,Wheel placement,"Upgrade Opens, 5 Closes","On one official Daily, the first actual spin lands upgrade, and the final actual spin lands a base-number 5 slice (the last outcome must be a number).",Anomaly,,Not measured,Monte Carlo: 2000000 completed Dailies,"Not live. Verify distinctness, event tracking and actual rarity before approval.",proposal_linear_047,,Provisional—needs probability simulation or milestone review,Provisional; needs end-to-end evaluation,1.42155,28431,2000000,Anomaly,,"Observed 28,431 / 2,000,000 valid simulated Dailies; reproducible positive witness",Rarity corrected Rare → Anomaly using observed per-run probability,,,,VALIDATED MECHANICALLY,NOT CERTIFIED: award tracking + E2E pending
Proposed — new,Wheel gap patterns,Duck–Number–Double,Land the exact consecutive spin-result sequence duck → number → double in one completed official Daily run.,Rare,,Not measured,Monte Carlo: 2000000 completed Dailies,"Not live. Verify distinctness, event tracking and actual rarity before approval.",proposal_linear_048,,Provisional—needs probability simulation or milestone review,Provisional; needs end-to-end evaluation,5.2845,105690,2000000,Rare,,"Observed 105,690 / 2,000,000 valid simulated Dailies; reproducible positive witness",,,,,VALIDATED MECHANICALLY,NOT CERTIFIED: award tracking + E2E pending
Proposed — new,Wheel gap patterns,Duck–Number–Bonus,Land the exact consecutive spin-result sequence duck → number → spins in one completed official Daily run.,Rare,,Not measured,Monte Carlo: 2000000 completed Dailies,"Not live. Verify distinctness, event tracking and actual rarity before approval.",proposal_linear_049,,Provisional—needs probability simulation or milestone review,Provisional; needs end-to-end evaluation,5.23585,104717,2000000,Rare,,"Observed 104,717 / 2,000,000 valid simulated Dailies; reproducible positive witness",,,,,VALIDATED MECHANICALLY,NOT CERTIFIED: award tracking + E2E pending
Proposed — new,Wheel gap patterns,Duck–Number–Upgrade,Land the exact consecutive spin-result sequence duck → number → upgrade in one completed official Daily run.,Rare,,Not measured,Monte Carlo: 2000000 completed Dailies,"Not live. Verify distinctness, event tracking and actual rarity before approval.",proposal_linear_050,,Provisional—needs probability simulation or milestone review,Provisional; needs end-to-end evaluation,5.35085,107017,2000000,Rare,,"Observed 107,017 / 2,000,000 valid simulated Dailies; reproducible positive witness",,,,,VALIDATED MECHANICALLY,NOT CERTIFIED: award tracking + E2E pending
Proposed — new,Wheel gap patterns,Double–Number–Duck,Land the exact consecutive spin-result sequence double → number → duck in one completed official Daily run.,Rare,,Not measured,Monte Carlo: 2000000 completed Dailies,"Not live. Verify distinctness, event tracking and actual rarity before approval.",proposal_linear_051,,Provisional—needs probability simulation or milestone review,Provisional; needs end-to-end evaluation,5.28595,105719,2000000,Rare,,"Observed 105,719 / 2,000,000 valid simulated Dailies; reproducible positive witness",,,,,VALIDATED MECHANICALLY,NOT CERTIFIED: award tracking + E2E pending
Proposed — new,Wheel gap patterns,Double–Number–Bonus,Land the exact consecutive spin-result sequence double → number → spins in one completed official Daily run.,Epic,,Not measured,Monte Carlo: 2000000 completed Dailies,"Not live. Verify distinctness, event tracking and actual rarity before approval.",proposal_linear_052,,Provisional—needs probability simulation or milestone review,Provisional; needs end-to-end evaluation,2.67075,53415,2000000,Epic,,"Observed 53,415 / 2,000,000 valid simulated Dailies; reproducible positive witness",Rarity corrected Rare → Epic using observed per-run probability,,,,VALIDATED MECHANICALLY,NOT CERTIFIED: award tracking + E2E pending
Proposed — new,Wheel gap patterns,Double–Number–Upgrade,Land the exact consecutive spin-result sequence double → number → upgrade in one completed official Daily run.,Epic,,Not measured,Monte Carlo: 2000000 completed Dailies,"Not live. Verify distinctness, event tracking and actual rarity before approval.",proposal_linear_053,,Provisional—needs probability simulation or milestone review,Provisional; needs end-to-end evaluation,2.68355,53671,2000000,Epic,,"Observed 53,671 / 2,000,000 valid simulated Dailies; reproducible positive witness",Rarity corrected Rare → Epic using observed per-run probability,,,,VALIDATED MECHANICALLY,NOT CERTIFIED: award tracking + E2E pending
Proposed — new,Wheel gap patterns,Bonus–Number–Duck,Land the exact consecutive spin-result sequence spins → number → duck in one completed official Daily run.,Rare,,Not measured,Monte Carlo: 2000000 completed Dailies,"Not live. Verify distinctness, event tracking and actual rarity before approval.",proposal_linear_054,,Provisional—needs probability simulation or milestone review,Provisional; needs end-to-end evaluation,6.10925,122185,2000000,Rare,,"Observed 122,185 / 2,000,000 valid simulated Dailies; reproducible positive witness",,,,,VALIDATED MECHANICALLY,NOT CERTIFIED: award tracking + E2E pending
Proposed — new,Wheel gap patterns,Bonus–Number–Double,Land the exact consecutive spin-result sequence spins → number → double in one completed official Daily run.,Epic,,Not measured,Monte Carlo: 2000000 completed Dailies,"Not live. Verify distinctness, event tracking and actual rarity before approval.",proposal_linear_055,,Provisional—needs probability simulation or milestone review,Provisional; needs end-to-end evaluation,3.1143,62286,2000000,Epic,,"Observed 62,286 / 2,000,000 valid simulated Dailies; reproducible positive witness",Rarity corrected Rare → Epic using observed per-run probability,,,,VALIDATED MECHANICALLY,NOT CERTIFIED: award tracking + E2E pending
Proposed — new,Wheel gap patterns,Bonus–Number–Upgrade,Land the exact consecutive spin-result sequence spins → number → upgrade in one completed official Daily run.,Epic,,Not measured,Monte Carlo: 2000000 completed Dailies,"Not live. Verify distinctness, event tracking and actual rarity before approval.",proposal_linear_056,,Provisional—needs probability simulation or milestone review,Provisional; needs end-to-end evaluation,3.1635,63270,2000000,Epic,,"Observed 63,270 / 2,000,000 valid simulated Dailies; reproducible positive witness",Rarity corrected Rare → Epic using observed per-run probability,,,,VALIDATED MECHANICALLY,NOT CERTIFIED: award tracking + E2E pending
Proposed — new,Wheel gap patterns,Upgrade–Number–Double,Land the exact consecutive spin-result sequence upgrade → number → double in one completed official Daily run.,Epic,,Not measured,Monte Carlo: 2000000 completed Dailies,"Not live. Verify distinctness, event tracking and actual rarity before approval.",proposal_linear_057,,Provisional—needs probability simulation or milestone review,Provisional; needs end-to-end evaluation,2.2887,45774,2000000,Epic,,"Observed 45,774 / 2,000,000 valid simulated Dailies; reproducible positive witness",Rarity corrected Rare → Epic using observed per-run probability,,,,VALIDATED MECHANICALLY,NOT CERTIFIED: award tracking + E2E pending
Proposed — replaces repetitive wheel combination,Exploration & onboarding,First Look,Open the Crilo Home page while signed in. Award only once per account upon a real signed-in user action; no Test Run badge awarding.,Common,,Not simulated; interaction/feature availability dependent,"Low-effort discoverable one-time action, not a random wheel probability.","Proposed; requires authenticated server-tracked event 'home_view'. Confirm feature/control exists, add event instrumentation, and acceptance-test before launch.",proposal_explore_home_view,0–1 (when feature is accessible),Accessibility-based provisional rarity; cannot assign roll odds,Requires website event telemetry and control-availability verification,,,,Common,,One-time UI event; not a random wheel probability.,Server-authenticated event receipt and client click/view instrumentation not implemented.,,,,CONDITIONALLY ACHIEVABLE,NOT CERTIFIED: award tracking + E2E pending
Proposed — replaces repetitive wheel combination,Exploration & onboarding,The Rulebook,Open the game's Info or instructions menu. Award only once per account upon a real signed-in user action; no Test Run badge awarding.,Common,,Not simulated; interaction/feature availability dependent,"Low-effort discoverable one-time action, not a random wheel probability.","Proposed; requires authenticated server-tracked event 'info_open'. Confirm feature/control exists, add event instrumentation, and acceptance-test before launch.",proposal_explore_info_open,0–1 (when feature is accessible),Accessibility-based provisional rarity; cannot assign roll odds,Requires website event telemetry and control-availability verification,,,,Common,,One-time UI event; not a random wheel probability.,Server-authenticated event receipt and client click/view instrumentation not implemented.,,,,CONDITIONALLY ACHIEVABLE,NOT CERTIFIED: award tracking + E2E pending
Proposed — replaces repetitive wheel combination,Exploration & onboarding,Odds Curious,Open the rarity explanation in the Info menu. Award only once per account upon a real signed-in user action; no Test Run badge awarding.,Common,,Not simulated; interaction/feature availability dependent,"Low-effort discoverable one-time action, not a random wheel probability.","Proposed; requires authenticated server-tracked event 'rarity_info'. Confirm feature/control exists, add event instrumentation, and acceptance-test before launch.",proposal_explore_rarity_info,0–1 (when feature is accessible),Accessibility-based provisional rarity; cannot assign roll odds,Requires website event telemetry and control-availability verification,,,,Common,,One-time UI event; not a random wheel probability.,Server-authenticated event receipt and client click/view instrumentation not implemented.,,,,CONDITIONALLY ACHIEVABLE,NOT CERTIFIED: award tracking + E2E pending
Proposed — replaces repetitive wheel combination,Exploration & onboarding,Around the Pond,Visit the Ducks page. Award only once per account upon a real signed-in user action; no Test Run badge awarding.,Common,,Not simulated; interaction/feature availability dependent,"Low-effort discoverable one-time action, not a random wheel probability.","Proposed; requires authenticated server-tracked event 'ducks_page'. Confirm feature/control exists, add event instrumentation, and acceptance-test before launch.",proposal_explore_ducks_page,0–1 (when feature is accessible),Accessibility-based provisional rarity; cannot assign roll odds,Requires website event telemetry and control-availability verification,,,,Common,,One-time UI event; not a random wheel probability.,Server-authenticated event receipt and client click/view instrumentation not implemented.,,,,CONDITIONALLY ACHIEVABLE,NOT CERTIFIED: award tracking + E2E pending
Proposed — replaces repetitive wheel combination,Exploration & onboarding,Duck Detective,Open the detail view of any Duck. Award only once per account upon a real signed-in user action; no Test Run badge awarding.,Common,,Not simulated; interaction/feature availability dependent,"Low-effort discoverable one-time action, not a random wheel probability.","Proposed; requires authenticated server-tracked event 'duck_details'. Confirm feature/control exists, add event instrumentation, and acceptance-test before launch.",proposal_explore_duck_details,0–1 (when feature is accessible),Accessibility-based provisional rarity; cannot assign roll odds,Requires website event telemetry and control-availability verification,,,,Common,,One-time UI event; not a random wheel probability.,Server-authenticated event receipt and client click/view instrumentation not implemented.,,,,CONDITIONALLY ACHIEVABLE,NOT CERTIFIED: award tracking + E2E pending
Proposed — replaces repetitive wheel combination,Exploration & onboarding,Quack Check,Play the sound of an unlocked Duck on the Ducks page. Award only once per account upon a real signed-in user action; no Test Run badge awarding.,Common,,Not simulated; interaction/feature availability dependent,"Low-effort discoverable one-time action, not a random wheel probability.","Proposed; requires authenticated server-tracked event 'duck_sound'. Confirm feature/control exists, add event instrumentation, and acceptance-test before launch.",proposal_explore_duck_sound,0–1 (when feature is accessible),Accessibility-based provisional rarity; cannot assign roll odds,Requires website event telemetry and control-availability verification,,,,Common,,One-time UI event; not a random wheel probability.,Server-authenticated event receipt and client click/view instrumentation not implemented.,,,,CONDITIONALLY ACHIEVABLE,NOT CERTIFIED: award tracking + E2E pending
Proposed — replaces repetitive wheel combination,Exploration & onboarding,Collection Tour,View the badges gallery within your Profile page. Award one time only while signed in; never from a Test Run.,Common,,Not simulated; interaction/feature availability dependent,"Low-effort discoverable one-time action, not a random wheel probability.","Proposed; requires authenticated server-tracked event 'badges_page'. Confirm feature/control exists, add event instrumentation, and acceptance-test before launch.",proposal_explore_badges_page,0–1 (when feature is accessible),Accessibility-based provisional rarity; cannot assign roll odds,Requires website event telemetry and control-availability verification,,,,Common,,One-time UI event; not a random wheel probability.,Server-authenticated event receipt and client click/view instrumentation not implemented.; Referenced control/action is absent or not auth-connected; proposed replacement below.,No standalone badges.html page; badge gallery is within profile.html.; Suggested safe alternative: Collection Tour: View the badges gallery within your Profile page.,Collection Tour,View the badges gallery within your Profile page.,CONDITIONALLY ACHIEVABLE,NOT CERTIFIED: award tracking + E2E pending
Proposed — replaces repetitive wheel combination,Exploration & onboarding,One More Shelf,Expand any badge category group on your Profile page. Award one time only while signed in; never from a Test Run.,Common,,Not simulated; interaction/feature availability dependent,"Low-effort discoverable one-time action, not a random wheel probability.","Proposed; requires authenticated server-tracked event 'badge_detail'. Confirm feature/control exists, add event instrumentation, and acceptance-test before launch.",proposal_explore_badge_detail,0–1 (when feature is accessible),Accessibility-based provisional rarity; cannot assign roll odds,Requires website event telemetry and control-availability verification,,,,Common,,One-time UI event; not a random wheel probability.,Server-authenticated event receipt and client click/view instrumentation not implemented.; Referenced control/action is absent or not auth-connected; proposed replacement below.,Profile badge cards are static articles; no detail modal.; Suggested safe alternative: One More Shelf: Expand any badge category group on your Profile page.,One More Shelf,Expand any badge category group on your Profile page.,CONDITIONALLY ACHIEVABLE,NOT CERTIFIED: award tracking + E2E pending
Proposed — replaces repetitive wheel combination,Exploration & onboarding,Score Shelf,Expand the Score badge group on your Profile page. Award one time only while signed in; never from a Test Run.,Common,,Not simulated; interaction/feature availability dependent,"Low-effort discoverable one-time action, not a random wheel probability.","Proposed; requires authenticated server-tracked event 'badge_search'. Confirm feature/control exists, add event instrumentation, and acceptance-test before launch.",proposal_explore_badge_search,0–1 (when feature is accessible),Accessibility-based provisional rarity; cannot assign roll odds,Requires website event telemetry and control-availability verification,,,,Common,,One-time UI event; not a random wheel probability.,Server-authenticated event receipt and client click/view instrumentation not implemented.; Referenced control/action is absent or not auth-connected; proposed replacement below.,Badge search is not exposed in profile.html.; Suggested safe alternative: Score Shelf: Expand the Score badge group on your Profile page.,Score Shelf,Expand the Score badge group on your Profile page.,CONDITIONALLY ACHIEVABLE,NOT CERTIFIED: award tracking + E2E pending
Proposed — replaces repetitive wheel combination,Exploration & onboarding,Wheel Shelf,Expand a Wheel achievement group on your Profile page. Award one time only while signed in; never from a Test Run.,Common,,Not simulated; interaction/feature availability dependent,"Low-effort discoverable one-time action, not a random wheel probability.","Proposed; requires authenticated server-tracked event 'badge_filter'. Confirm feature/control exists, add event instrumentation, and acceptance-test before launch.",proposal_explore_badge_filter,0–1 (when feature is accessible),Accessibility-based provisional rarity; cannot assign roll odds,Requires website event telemetry and control-availability verification,,,,Common,,One-time UI event; not a random wheel probability.,Server-authenticated event receipt and client click/view instrumentation not implemented.; Referenced control/action is absent or not auth-connected; proposed replacement below.,Badge gallery has expandable sets but no separate filter control.; Suggested safe alternative: Wheel Shelf: Expand a Wheel achievement group on your Profile page.,Wheel Shelf,Expand a Wheel achievement group on your Profile page.,CONDITIONALLY ACHIEVABLE,NOT CERTIFIED: award tracking + E2E pending
Proposed — replaces repetitive wheel combination,Exploration & onboarding,The Rankings,Visit the Leaderboard page. Award only once per account upon a real signed-in user action; no Test Run badge awarding.,Common,,Not simulated; interaction/feature availability dependent,"Low-effort discoverable one-time action, not a random wheel probability.","Proposed; requires authenticated server-tracked event 'leaderboard_page'. Confirm feature/control exists, add event instrumentation, and acceptance-test before launch.",proposal_explore_leaderboard_page,0–1 (when feature is accessible),Accessibility-based provisional rarity; cannot assign roll odds,Requires website event telemetry and control-availability verification,,,,Common,,One-time UI event; not a random wheel probability.,Server-authenticated event receipt and client click/view instrumentation not implemented.,,,,CONDITIONALLY ACHIEVABLE,NOT CERTIFIED: award tracking + E2E pending
Proposed — replaces repetitive wheel combination,Exploration & onboarding,The Big Picture,Open the current Daily leaderboard. Award only once per account upon a real signed-in user action; no Test Run badge awarding.,Common,,Not simulated; interaction/feature availability dependent,"Low-effort discoverable one-time action, not a random wheel probability.","Proposed; requires authenticated server-tracked event 'daily_leaderboard'. Confirm feature/control exists, add event instrumentation, and acceptance-test before launch.",proposal_explore_daily_leaderboard,0–1 (when feature is accessible),Accessibility-based provisional rarity; cannot assign roll odds,Requires website event telemetry and control-availability verification,,,,Common,,One-time UI event; not a random wheel probability.,Server-authenticated event receipt and client click/view instrumentation not implemented.,,,,CONDITIONALLY ACHIEVABLE,NOT CERTIFIED: award tracking + E2E pending
Proposed — new,Single-run number variety,2 Different Digits,"Land at least 2 distinct base-number values from {1,2,3,5} within one completed official Daily run.",Common,,Not measured,Monte Carlo: 2000000 completed Dailies,"Not live. Verify distinctness, event tracking and actual rarity before approval.",proposal_linear_070,,Provisional—needs probability simulation or milestone review,Provisional; needs end-to-end evaluation,98.60735,1972147,2000000,Common,,"Observed 1,972,147 / 2,000,000 valid simulated Dailies; reproducible positive witness",Rarity corrected Epic → Common using observed per-run probability,,,,VALIDATED MECHANICALLY,NOT CERTIFIED: award tracking + E2E pending
Proposed — new,Single-run number variety,3 Different Digits,"Land at least 3 distinct base-number values from {1,2,3,5} within one completed official Daily run.",Common,,Not measured,Monte Carlo: 2000000 completed Dailies,"Not live. Verify distinctness, event tracking and actual rarity before approval.",proposal_linear_071,,Provisional—needs probability simulation or milestone review,Provisional; needs end-to-end evaluation,74.52395,1490479,2000000,Common,,"Observed 1,490,479 / 2,000,000 valid simulated Dailies; reproducible positive witness",Rarity corrected Epic → Common using observed per-run probability,,,,VALIDATED MECHANICALLY,NOT CERTIFIED: award tracking + E2E pending
Proposed — new,Single-run number variety,4 Different Digits,"Land at least 4 distinct base-number values from {1,2,3,5} within one completed official Daily run.",Uncommon,,Not measured,Monte Carlo: 2000000 completed Dailies,"Not live. Verify distinctness, event tracking and actual rarity before approval.",proposal_linear_072,,Provisional—needs probability simulation or milestone review,Provisional; needs end-to-end evaluation,20.96725,419345,2000000,Uncommon,,"Observed 419,345 / 2,000,000 valid simulated Dailies; reproducible positive witness",Rarity corrected Epic → Uncommon using observed per-run probability,,,,VALIDATED MECHANICALLY,NOT CERTIFIED: award tracking + E2E pending
Proposed — replaces repetitive wheel combination,Exploration & onboarding,People Watching,Open another player's public profile from a ranking. Award only once per account upon a real signed-in user action; no Test Run badge awarding.,Common,,Not simulated; interaction/feature availability dependent,"Low-effort discoverable one-time action, not a random wheel probability.","Proposed; requires authenticated server-tracked event 'other_player_profile'. Confirm feature/control exists, add event instrumentation, and acceptance-test before launch.",proposal_explore_other_player_profile,0–1 (when feature is accessible),Accessibility-based provisional rarity; cannot assign roll odds,Requires website event telemetry and control-availability verification,,,,Common,,One-time UI event; not a random wheel probability.,Server-authenticated event receipt and client click/view instrumentation not implemented.,,,,CONDITIONALLY ACHIEVABLE,NOT CERTIFIED: award tracking + E2E pending
Proposed — replaces repetitive wheel combination,Exploration & onboarding,Numbers Person,Visit your Profile or Stats page. Award only once per account upon a real signed-in user action; no Test Run badge awarding.,Common,,Not simulated; interaction/feature availability dependent,"Low-effort discoverable one-time action, not a random wheel probability.","Proposed; requires authenticated server-tracked event 'profile_page'. Confirm feature/control exists, add event instrumentation, and acceptance-test before launch.",proposal_explore_profile_page,0–1 (when feature is accessible),Accessibility-based provisional rarity; cannot assign roll odds,Requires website event telemetry and control-availability verification,,,,Common,,One-time UI event; not a random wheel probability.,Server-authenticated event receipt and client click/view instrumentation not implemented.,,,,CONDITIONALLY ACHIEVABLE,NOT CERTIFIED: award tracking + E2E pending
Proposed — replaces repetitive wheel combination,Exploration & onboarding,Personal Best,Open your best-score statistics. Award only once per account upon a real signed-in user action; no Test Run badge awarding.,Common,,Not simulated; interaction/feature availability dependent,"Low-effort discoverable one-time action, not a random wheel probability.","Proposed; requires authenticated server-tracked event 'personal_best'. Confirm feature/control exists, add event instrumentation, and acceptance-test before launch.",proposal_explore_personal_best,0–1 (when feature is accessible),Accessibility-based provisional rarity; cannot assign roll odds,Requires website event telemetry and control-availability verification,,,,Common,,One-time UI event; not a random wheel probability.,Server-authenticated event receipt and client click/view instrumentation not implemented.,,,,CONDITIONALLY ACHIEVABLE,NOT CERTIFIED: award tracking + E2E pending
Proposed — replaces repetitive wheel combination,Exploration & onboarding,Rarest Memory,Open the details of your rarest official Daily on your Profile page. Award one time only while signed in; never from a Test Run.,Common,,Not simulated; interaction/feature availability dependent,"Low-effort discoverable one-time action, not a random wheel probability.","Proposed; requires authenticated server-tracked event 'run_history'. Confirm feature/control exists, add event instrumentation, and acceptance-test before launch.",proposal_explore_run_history,0–1 (when feature is accessible),Accessibility-based provisional rarity; cannot assign roll odds,Requires website event telemetry and control-availability verification,,,,Common,,One-time UI event; not a random wheel probability.,Server-authenticated event receipt and client click/view instrumentation not implemented.; Referenced control/action is absent or not auth-connected; proposed replacement below.,"Profile exposes rarest-run details, not a general run-history panel.; Suggested safe alternative: Rarest Memory: Open the details of your rarest official Daily on your Profile page.",Rarest Memory,Open the details of your rarest official Daily on your Profile page.,CONDITIONALLY ACHIEVABLE,NOT CERTIFIED: award tracking + E2E pending
Proposed — replaces repetitive wheel combination,Exploration & onboarding,Getting Personal,Open Settings. Award only once per account upon a real signed-in user action; no Test Run badge awarding.,Common,,Not simulated; interaction/feature availability dependent,"Low-effort discoverable one-time action, not a random wheel probability.","Proposed; requires authenticated server-tracked event 'settings_page'. Confirm feature/control exists, add event instrumentation, and acceptance-test before launch.",proposal_explore_settings_page,0–1 (when feature is accessible),Accessibility-based provisional rarity; cannot assign roll odds,Requires website event telemetry and control-availability verification,,,,Common,,One-time UI event; not a random wheel probability.,Server-authenticated event receipt and client click/view instrumentation not implemented.,,,,CONDITIONALLY ACHIEVABLE,NOT CERTIFIED: award tracking + E2E pending
Proposed — replaces repetitive wheel combination,Exploration & onboarding,Lights Out,Switch the site from light to dark mode. Award only once per account upon a real signed-in user action; no Test Run badge awarding.,Common,,Not simulated; interaction/feature availability dependent,"Low-effort discoverable one-time action, not a random wheel probability.","Proposed; requires authenticated server-tracked event 'dark_mode'. Confirm feature/control exists, add event instrumentation, and acceptance-test before launch.",proposal_explore_dark_mode,0–1 (when feature is accessible),Accessibility-based provisional rarity; cannot assign roll odds,Requires website event telemetry and control-availability verification,,,,Common,,One-time UI event; not a random wheel probability.,Server-authenticated event receipt and client click/view instrumentation not implemented.,,,,CONDITIONALLY ACHIEVABLE,NOT CERTIFIED: award tracking + E2E pending
Proposed — replaces repetitive wheel combination,Exploration & onboarding,Let There Be Light,Switch the site from dark to light mode. Award only once per account upon a real signed-in user action; no Test Run badge awarding.,Common,,Not simulated; interaction/feature availability dependent,"Low-effort discoverable one-time action, not a random wheel probability.","Proposed; requires authenticated server-tracked event 'light_mode'. Confirm feature/control exists, add event instrumentation, and acceptance-test before launch.",proposal_explore_light_mode,0–1 (when feature is accessible),Accessibility-based provisional rarity; cannot assign roll odds,Requires website event telemetry and control-availability verification,,,,Common,,One-time UI event; not a random wheel probability.,Server-authenticated event receipt and client click/view instrumentation not implemented.,,,,CONDITIONALLY ACHIEVABLE,NOT CERTIFIED: award tracking + E2E pending
Proposed — replaces repetitive wheel combination,Exploration & onboarding,Pick Your Shade,Save a different display-name color in Settings. Award only once per account upon a real signed-in user action; no Test Run badge awarding.,Common,,Not simulated; interaction/feature availability dependent,"Low-effort discoverable one-time action, not a random wheel probability.","Proposed; requires authenticated server-tracked event 'name_color_saved'. Confirm feature/control exists, add event instrumentation, and acceptance-test before launch.",proposal_explore_name_color_saved,0–1 (when feature is accessible),Accessibility-based provisional rarity; cannot assign roll odds,Requires website event telemetry and control-availability verification,,,,Common,,One-time UI event; not a random wheel probability.,Server-authenticated event receipt and client click/view instrumentation not implemented.,,,,CONDITIONALLY ACHIEVABLE,NOT CERTIFIED: award tracking + E2E pending
Proposed — replaces repetitive wheel combination,Exploration & onboarding,New Identity,Save a changed display name. Award only once per account upon a real signed-in user action; no Test Run badge awarding.,Common,,Not simulated; interaction/feature availability dependent,"Low-effort discoverable one-time action, not a random wheel probability.","Proposed; requires authenticated server-tracked event 'display_name_saved'. Confirm feature/control exists, add event instrumentation, and acceptance-test before launch.",proposal_explore_display_name_saved,0–1 (when feature is accessible),Accessibility-based provisional rarity; cannot assign roll odds,Requires website event telemetry and control-availability verification,,,,Common,,One-time UI event; not a random wheel probability.,Server-authenticated event receipt and client click/view instrumentation not implemented.,,,,CONDITIONALLY ACHIEVABLE,NOT CERTIFIED: award tracking + E2E pending
Proposed — replaces repetitive wheel combination,Exploration & onboarding,The Arcade,Visit More Games. Award only once per account upon a real signed-in user action; no Test Run badge awarding.,Common,,Not simulated; interaction/feature availability dependent,"Low-effort discoverable one-time action, not a random wheel probability.","Proposed; requires authenticated server-tracked event 'more_games_page'. Confirm feature/control exists, add event instrumentation, and acceptance-test before launch.",proposal_explore_more_games_page,0–1 (when feature is accessible),Accessibility-based provisional rarity; cannot assign roll odds,Requires website event telemetry and control-availability verification,,,,Common,,One-time UI event; not a random wheel probability.,Server-authenticated event receipt and client click/view instrumentation not implemented.,,,,CONDITIONALLY ACHIEVABLE,NOT CERTIFIED: award tracking + E2E pending
Proposed — replaces repetitive wheel combination,Exploration & onboarding,Domain Curious,Open How Much Was the Domain? Award only once per account upon a real signed-in user action; no Test Run badge awarding.,Common,,Not simulated; interaction/feature availability dependent,"Low-effort discoverable one-time action, not a random wheel probability.","Proposed; requires authenticated server-tracked event 'domain_open'. Confirm feature/control exists, add event instrumentation, and acceptance-test before launch.",proposal_explore_domain_open,0–1 (when feature is accessible),Accessibility-based provisional rarity; cannot assign roll odds,Requires website event telemetry and control-availability verification,,,,Common,,One-time UI event; not a random wheel probability.,Server-authenticated event receipt and client click/view instrumentation not implemented.,,,,CONDITIONALLY ACHIEVABLE,NOT CERTIFIED: award tracking + E2E pending
Proposed — replaces repetitive wheel combination,Exploration & onboarding,Try the Pixel Studio,Open Pixel Studio on the main wheel page. Award one time only while signed in; never from a Test Run.,Common,,Not simulated; interaction/feature availability dependent,"Low-effort discoverable one-time action, not a random wheel probability.","Proposed; requires authenticated server-tracked event 'domain_instructions'. Confirm feature/control exists, add event instrumentation, and acceptance-test before launch.",proposal_explore_domain_instructions,0–1 (when feature is accessible),Accessibility-based provisional rarity; cannot assign roll odds,Requires website event telemetry and control-availability verification,,,,Common,,One-time UI event; not a random wheel probability.,Server-authenticated event receipt and client click/view instrumentation not implemented.; Referenced control/action is absent or not auth-connected; proposed replacement below.,/domain game is separately implemented and has no authenticated badge instrumentation.; Suggested safe alternative: Try the Pixel Studio: Open Pixel Studio on the main wheel page.,Try the Pixel Studio,Open Pixel Studio on the main wheel page.,CONDITIONALLY ACHIEVABLE,NOT CERTIFIED: award tracking + E2E pending
Proposed — replaces repetitive wheel combination,Exploration & onboarding,Sound Check,Switch sound on or off in Settings. Award one time only while signed in; never from a Test Run.,Common,,Not simulated; interaction/feature availability dependent,"Low-effort discoverable one-time action, not a random wheel probability.","Proposed; requires authenticated server-tracked event 'domain_guess'. Confirm feature/control exists, add event instrumentation, and acceptance-test before launch.",proposal_explore_domain_guess,0–1 (when feature is accessible),Accessibility-based provisional rarity; cannot assign roll odds,Requires website event telemetry and control-availability verification,,,,Common,,One-time UI event; not a random wheel probability.,Server-authenticated event receipt and client click/view instrumentation not implemented.; Referenced control/action is absent or not auth-connected; proposed replacement below.,/domain game is separately implemented and has no authenticated badge instrumentation.; Suggested safe alternative: Sound Check: Switch sound on or off in Settings.,Sound Check,Switch sound on or off in Settings.,CONDITIONALLY ACHIEVABLE,NOT CERTIFIED: award tracking + E2E pending
Proposed — replaces repetitive wheel combination,Exploration & onboarding,The Social Page,Visit Crilo Friends. Award one time only while signed in; never from a Test Run.,Common,,Not simulated; interaction/feature availability dependent,"Low-effort discoverable one-time action, not a random wheel probability.","Proposed; requires authenticated server-tracked event 'domain_set'. Confirm feature/control exists, add event instrumentation, and acceptance-test before launch.",proposal_explore_domain_set,0–1 (when feature is accessible),Accessibility-based provisional rarity; cannot assign roll odds,Requires website event telemetry and control-availability verification,,,,Common,,One-time UI event; not a random wheel probability.,Server-authenticated event receipt and client click/view instrumentation not implemented.; Referenced control/action is absent or not auth-connected; proposed replacement below.,/domain game is separately implemented and has no authenticated badge instrumentation.; Suggested safe alternative: The Social Page: Visit Crilo Friends.,The Social Page,Visit Crilo Friends.,CONDITIONALLY ACHIEVABLE,NOT CERTIFIED: award tracking + E2E pending
Proposed — replaces repetitive wheel combination,Exploration & onboarding,Fill It In,Choose the Fill tool while drawing during an official Daily. Award one time only while signed in; never from a Test Run.,Common,,Not simulated; interaction/feature availability dependent,"Low-effort discoverable one-time action, not a random wheel probability.","Proposed; requires authenticated server-tracked event 'drawing_canvas'. Confirm feature/control exists, add event instrumentation, and acceptance-test before launch.",proposal_explore_drawing_canvas,0–1 (when feature is accessible),Accessibility-based provisional rarity; cannot assign roll odds,Requires website event telemetry and control-availability verification,,,,Common,,One-time UI event; not a random wheel probability.,Server-authenticated event receipt and client click/view instrumentation not implemented.; Referenced control/action is absent or not auth-connected; proposed replacement below.,Canvas is on the main wheel page; no discrete open event (Pixel Studio toggle exists).; Suggested safe alternative: Fill It In: Choose the Fill tool while drawing during an official Daily.,Fill It In,Choose the Fill tool while drawing during an official Daily.,CONDITIONALLY ACHIEVABLE,NOT CERTIFIED: award tracking + E2E pending
Proposed — replaces repetitive wheel combination,Exploration & onboarding,First Mark,Make at least one drawing mark during a Daily run. Award only once per account upon a real signed-in user action; no Test Run badge awarding.,Common,,Not simulated; interaction/feature availability dependent,"Low-effort discoverable one-time action, not a random wheel probability.","Proposed; requires authenticated server-tracked event 'drawing_mark'. Confirm feature/control exists, add event instrumentation, and acceptance-test before launch.",proposal_explore_drawing_mark,0–1 (when feature is accessible),Accessibility-based provisional rarity; cannot assign roll odds,Requires website event telemetry and control-availability verification,,,,Common,,One-time UI event; not a random wheel probability.,Server-authenticated event receipt and client click/view instrumentation not implemented.,,,,CONDITIONALLY ACHIEVABLE,NOT CERTIFIED: award tracking + E2E pending
Proposed — replaces repetitive wheel combination,Exploration & onboarding,Wheel Ready,Enter the official Daily Run screen. Award only once per account upon a real signed-in user action; no Test Run badge awarding.,Common,,Not simulated; interaction/feature availability dependent,"Low-effort discoverable one-time action, not a random wheel probability.","Proposed; requires authenticated server-tracked event 'daily_run_screen'. Confirm feature/control exists, add event instrumentation, and acceptance-test before launch.",proposal_explore_daily_run_screen,0–1 (when feature is accessible),Accessibility-based provisional rarity; cannot assign roll odds,Requires website event telemetry and control-availability verification,,,,Common,,One-time UI event; not a random wheel probability.,Server-authenticated event receipt and client click/view instrumentation not implemented.,,,,CONDITIONALLY ACHIEVABLE,NOT CERTIFIED: award tracking + E2E pending
Proposed — replaces repetitive wheel combination,Exploration & onboarding,Results Day,Open the completed-Daily results screen. Award only once per account upon a real signed-in user action; no Test Run badge awarding.,Common,,Not simulated; interaction/feature availability dependent,"Low-effort discoverable one-time action, not a random wheel probability.","Proposed; requires authenticated server-tracked event 'daily_results'. Confirm feature/control exists, add event instrumentation, and acceptance-test before launch.",proposal_explore_daily_results,0–1 (when feature is accessible),Accessibility-based provisional rarity; cannot assign roll odds,Requires website event telemetry and control-availability verification,,,,Common,,One-time UI event; not a random wheel probability.,Server-authenticated event receipt and client click/view instrumentation not implemented.,,,,CONDITIONALLY ACHIEVABLE,NOT CERTIFIED: award tracking + E2E pending
Proposed — new,Four-outcome chains,Bonus Two Numbers Duck,Land the exact four-spin sequence spins → number → number → duck in one official Daily run.,Epic,,Not measured,Monte Carlo: 2000000 completed Dailies,"Not live. Verify distinctness, event tracking and actual rarity before approval.",proposal_linear_091,,Provisional—needs probability simulation or milestone review,Provisional; needs end-to-end evaluation,3.2179,64358,2000000,Epic,,"Observed 64,358 / 2,000,000 valid simulated Dailies; reproducible positive witness",Rarity corrected Anomaly → Epic using observed per-run probability,,,,VALIDATED MECHANICALLY,NOT CERTIFIED: award tracking + E2E pending
Proposed — new,Four-outcome chains,Bonus Two Numbers Double,Land the exact four-spin sequence spins → number → number → double in one official Daily run.,Anomaly,,Not measured,Monte Carlo: 2000000 completed Dailies,"Not live. Verify distinctness, event tracking and actual rarity before approval.",proposal_linear_092,,Provisional—needs probability simulation or milestone review,Provisional; needs end-to-end evaluation,1.6319,32638,2000000,Anomaly,,"Observed 32,638 / 2,000,000 valid simulated Dailies; reproducible positive witness",,,,,VALIDATED MECHANICALLY,NOT CERTIFIED: award tracking + E2E pending
Proposed — new,Four-outcome chains,Bonus Two Numbers Upgrade,Land the exact four-spin sequence spins → number → number → upgrade in one official Daily run.,Anomaly,,Not measured,Monte Carlo: 2000000 completed Dailies,"Not live. Verify distinctness, event tracking and actual rarity before approval.",proposal_linear_093,,Provisional—needs probability simulation or milestone review,Provisional; needs end-to-end evaluation,1.6534,33068,2000000,Anomaly,,"Observed 33,068 / 2,000,000 valid simulated Dailies; reproducible positive witness",,,,,VALIDATED MECHANICALLY,NOT CERTIFIED: award tracking + E2E pending
Proposed — new,Four-outcome chains,Upgrade Two Numbers Duck,Land the exact four-spin sequence upgrade → number → number → duck in one official Daily run.,Epic,,Not measured,Monte Carlo: 2000000 completed Dailies,"Not live. Verify distinctness, event tracking and actual rarity before approval.",proposal_linear_094,,Provisional—needs probability simulation or milestone review,Provisional; needs end-to-end evaluation,2.6043,52086,2000000,Epic,,"Observed 52,086 / 2,000,000 valid simulated Dailies; reproducible positive witness",Rarity corrected Anomaly → Epic using observed per-run probability,,,,VALIDATED MECHANICALLY,NOT CERTIFIED: award tracking + E2E pending
Proposed — new,Four-outcome chains,Upgrade Two Numbers Double,Land the exact four-spin sequence upgrade → number → number → double in one official Daily run.,Anomaly,,Not measured,Monte Carlo: 2000000 completed Dailies,"Not live. Verify distinctness, event tracking and actual rarity before approval.",proposal_linear_095,,Provisional—needs probability simulation or milestone review,Provisional; needs end-to-end evaluation,1.2955,25910,2000000,Anomaly,,"Observed 25,910 / 2,000,000 valid simulated Dailies; reproducible positive witness",,,,,VALIDATED MECHANICALLY,NOT CERTIFIED: award tracking + E2E pending
Proposed — new,Four-outcome chains,Upgrade Two Numbers Bonus,Land the exact four-spin sequence upgrade → number → number → spins in one official Daily run.,Anomaly,,Not measured,Monte Carlo: 2000000 completed Dailies,"Not live. Verify distinctness, event tracking and actual rarity before approval.",proposal_linear_096,,Provisional—needs probability simulation or milestone review,Provisional; needs end-to-end evaluation,1.29395,25879,2000000,Anomaly,,"Observed 25,879 / 2,000,000 valid simulated Dailies; reproducible positive witness",,,,,VALIDATED MECHANICALLY,NOT CERTIFIED: award tracking + E2E pending