Status,Category,Name,Unlock_Requirement,Assigned_Rarity,Estimated_Probability,Probability_Confidence,Rarity_Basis,Validation_Notes,Badge_Key,Estimated_Days,Rarity_Method,Review_Status
Existing,Exact numbers,Twenty-One,Reach exactly 21 accumulated points at least once during an official Daily (final score may differ).,Rare,8.11893333,95% Wilson interval: 8.0753313–8.1627499%,"Exact saved-spin mechanic, deterministic reference Monte Carlo",,v2_funny_score_21,,"Exact saved-spin mechanic, deterministic reference Monte Carlo",SIMULATED WITNESS; ACTIVE TRIGGER UNIT CHECK
Existing,Exact numbers,Answer to Everything,Reach exactly 42 accumulated points at least once during an official Daily (final score may differ).,Epic,3.66720000,95% Wilson interval: 3.6372394–3.6973980%,"Exact saved-spin mechanic, deterministic reference Monte Carlo",,v2_funny_score_42,,"Exact saved-spin mechanic, deterministic reference Monte Carlo",SIMULATED WITNESS; ACTIVE TRIGGER UNIT CHECK
Existing,Exact numbers,Six Seven,Reach exactly 67 accumulated points at least once during an official Daily (final score may differ).,Mythic,0.52626667,95% Wilson interval: 0.5148138–0.5379730%,"Exact saved-spin mechanic, deterministic reference Monte Carlo",,v2_funny_score_67,,"Exact saved-spin mechanic, deterministic reference Monte Carlo",SIMULATED WITNESS; ACTIVE TRIGGER UNIT CHECK
Existing,Exact numbers,Nice.,Reach exactly 69 accumulated points at least once during an official Daily (final score may differ).,Anomaly,1.13073333,95% Wilson interval: 1.1139372–1.1477797%,"Exact saved-spin mechanic, deterministic reference Monte Carlo",,v2_funny_score_69,,"Exact saved-spin mechanic, deterministic reference Monte Carlo",SIMULATED WITNESS; ACTIVE TRIGGER UNIT CHECK
Existing,Exact numbers,Reverse Nice,Reach exactly 96 accumulated points at least once during an official Daily (final score may differ).,Mythic,0.65060000,95% Wilson interval: 0.6378596–0.6635932%,"Exact saved-spin mechanic, deterministic reference Monte Carlo",,v2_funny_score_96,,"Exact saved-spin mechanic, deterministic reference Monte Carlo",SIMULATED WITNESS; ACTIVE TRIGGER UNIT CHECK
Existing,Exact numbers,Almost a Hundred,Reach exactly 99 accumulated points at least once during an official Daily (final score may differ).,Mythic,0.64546667,95% Wilson interval: 0.6327768–0.6584093%,"Exact saved-spin mechanic, deterministic reference Monte Carlo",,v2_funny_score_99,,"Exact saved-spin mechanic, deterministic reference Monte Carlo",SIMULATED WITNESS; ACTIVE TRIGGER UNIT CHECK
Existing,Exact numbers,Triple Ones,Reach exactly 111 accumulated points at least once during an official Daily (final score may differ).,Mythic,0.36913333,95% Wilson interval: 0.3595545–0.3789663%,"Exact saved-spin mechanic, deterministic reference Monte Carlo",,v2_funny_score_111,,"Exact saved-spin mechanic, deterministic reference Monte Carlo",SIMULATED WITNESS; ACTIVE TRIGGER UNIT CHECK
Existing,Exact numbers,One Two Three,Reach exactly 123 accumulated points at least once during an official Daily (final score may differ).,Mythic,0.29440000,95% Wilson interval: 0.2858560–0.3031986%,"Exact saved-spin mechanic, deterministic reference Monte Carlo",,v2_funny_score_123,,"Exact saved-spin mechanic, deterministic reference Monte Carlo",SIMULATED WITNESS; ACTIVE TRIGGER UNIT CHECK
Existing,Exact numbers,Triple Twos,Reach exactly 222 accumulated points at least once during an official Daily (final score may differ).,Mythic,0.06233333,95% Wilson interval: 0.0584649–0.0664575%,"Exact saved-spin mechanic, deterministic reference Monte Carlo",,v2_funny_score_222,,"Exact saved-spin mechanic, deterministic reference Monte Carlo",SIMULATED WITNESS; ACTIVE TRIGGER UNIT CHECK
Existing,Exact numbers,Triple Threes,Reach exactly 333 accumulated points at least once during an official Daily (final score may differ).,Mythic,0.02986667,95% Wilson interval: 0.0272264–0.0327629%,"Exact saved-spin mechanic, deterministic reference Monte Carlo",,v2_funny_score_333,,"Exact saved-spin mechanic, deterministic reference Monte Carlo",SIMULATED WITNESS; ACTIVE TRIGGER UNIT CHECK
Existing,Exact numbers,Score Not Found,Reach exactly 404 accumulated points at least once during an official Daily (final score may differ).,Mythic,0.00292000,95% Wilson interval: 0.0027329–0.0031199%,"Exact saved-spin mechanic, deterministic reference Monte Carlo",,v2_funny_score_404,,"Exact saved-spin mechanic, deterministic reference Monte Carlo",SIMULATED WITNESS; ACTIVE TRIGGER UNIT CHECK
Existing,Exact numbers,Blaze It,Reach exactly 420 accumulated points at least once during an official Daily (final score may differ).,Mythic,0.00886000,95% Wilson interval: 0.0085295–0.0092033%,"Exact saved-spin mechanic, deterministic reference Monte Carlo",,v2_funny_score_420,,"Exact saved-spin mechanic, deterministic reference Monte Carlo",SIMULATED WITNESS; ACTIVE TRIGGER UNIT CHECK
Existing,Exact numbers,Triple Fours,Reach exactly 444 accumulated points at least once during an official Daily (final score may differ).,Mythic,0.00776667,95% Wilson interval: 0.0074577–0.0080885%,"Exact saved-spin mechanic, deterministic reference Monte Carlo",,v2_funny_score_444,,"Exact saved-spin mechanic, deterministic reference Monte Carlo",SIMULATED WITNESS; ACTIVE TRIGGER UNIT CHECK
Existing,Exact numbers,Triple Fives,Reach exactly 555 accumulated points at least once during an official Daily (final score may differ).,Mythic,0.00255667,95% Wilson interval: 0.0023820–0.0027441%,"Exact saved-spin mechanic, deterministic reference Monte Carlo",,v2_funny_score_555,,"Exact saved-spin mechanic, deterministic reference Monte Carlo",SIMULATED WITNESS; ACTIVE TRIGGER UNIT CHECK
Existing,Exact numbers,Devil's Number,Reach exactly 666 accumulated points at least once during an official Daily (final score may differ).,Mythic,0.00351000,95% Wilson interval: 0.0033043–0.0037285%,"Exact saved-spin mechanic, deterministic reference Monte Carlo",,v2_funny_score_666,,"Exact saved-spin mechanic, deterministic reference Monte Carlo",SIMULATED WITNESS; ACTIVE TRIGGER UNIT CHECK
Existing,Exact numbers,Lucky Sevens,Reach exactly 777 accumulated points at least once during an official Daily (final score may differ).,Mythic,0.00058000,95% Wilson interval: 0.0005000–0.0006728%,"Exact saved-spin mechanic, deterministic reference Monte Carlo",,v2_funny_score_777,,"Exact saved-spin mechanic, deterministic reference Monte Carlo",SIMULATED WITNESS; ACTIVE TRIGGER UNIT CHECK
Existing,Exact numbers,Triple Eights,Reach exactly 888 accumulated points at least once during an official Daily (final score may differ).,Mythic,0.00063667,95% Wilson interval: 0.0005526–0.0007336%,"Exact saved-spin mechanic, deterministic reference Monte Carlo",,v2_funny_score_888,,"Exact saved-spin mechanic, deterministic reference Monte Carlo",SIMULATED WITNESS; ACTIVE TRIGGER UNIT CHECK
Existing,Exact numbers,Triple Nines,Reach exactly 999 accumulated points at least once during an official Daily (final score may differ).,Mythic,0.00131667,95% Wilson interval: 0.0011931–0.0014531%,"Exact saved-spin mechanic, deterministic reference Monte Carlo",,v2_funny_score_999,,"Exact saved-spin mechanic, deterministic reference Monte Carlo",SIMULATED WITNESS; ACTIVE TRIGGER UNIT CHECK
Existing,Exact numbers,High Five,Reach exactly 5 accumulated points at least once during an official Daily (final score may differ).,Common,36.15673333,95% Wilson interval: 36.0798802–36.2336574%,"Exact saved-spin mechanic, deterministic reference Monte Carlo",,v2_funny_score_5,,"Exact saved-spin mechanic, deterministic reference Monte Carlo",SIMULATED WITNESS; ACTIVE TRIGGER UNIT CHECK
Existing,Exact numbers,Lucky Number Seven,Reach exactly 7 accumulated points at least once during an official Daily (final score may differ).,Uncommon,27.54806667,95% Wilson interval: 27.4766284–27.6196200%,"Exact saved-spin mechanic, deterministic reference Monte Carlo",,v2_funny_score_7,,"Exact saved-spin mechanic, deterministic reference Monte Carlo",SIMULATED WITNESS; ACTIVE TRIGGER UNIT CHECK
Existing,Exact numbers,Perfect Ten,Reach exactly 10 accumulated points at least once during an official Daily (final score may differ).,Uncommon,24.16700000,95% Wilson interval: 24.0985567–24.2355756%,"Exact saved-spin mechanic, deterministic reference Monte Carlo",,v2_funny_score_10,,"Exact saved-spin mechanic, deterministic reference Monte Carlo",SIMULATED WITNESS; ACTIVE TRIGGER UNIT CHECK
Existing,Exact numbers,Make a Wish,Reach exactly 11 accumulated points at least once during an official Daily (final score may differ).,Uncommon,18.42206667,95% Wilson interval: 18.3601084–18.4841867%,"Exact saved-spin mechanic, deterministic reference Monte Carlo",,v2_funny_score_11,,"Exact saved-spin mechanic, deterministic reference Monte Carlo",SIMULATED WITNESS; ACTIVE TRIGGER UNIT CHECK
Existing,Exact numbers,A Dozen,Reach exactly 12 accumulated points at least once during an official Daily (final score may differ).,Uncommon,21.07920000,95% Wilson interval: 21.0140012–21.1445470%,"Exact saved-spin mechanic, deterministic reference Monte Carlo",,v2_funny_score_12,,"Exact saved-spin mechanic, deterministic reference Monte Carlo",SIMULATED WITNESS; ACTIVE TRIGGER UNIT CHECK
Existing,Exact numbers,Unlucky Thirteen,Reach exactly 13 accumulated points at least once during an official Daily (final score may differ).,Uncommon,13.91320000,95% Wilson interval: 13.8579074–13.9686774%,"Exact saved-spin mechanic, deterministic reference Monte Carlo",,v2_funny_score_13,,"Exact saved-spin mechanic, deterministic reference Monte Carlo",SIMULATED WITNESS; ACTIVE TRIGGER UNIT CHECK
Existing,Exact numbers,Quarter Hour,Reach exactly 15 accumulated points at least once during an official Daily (final score may differ).,Uncommon,14.15080000,95% Wilson interval: 14.0951130–14.2066706%,"Exact saved-spin mechanic, deterministic reference Monte Carlo",,v2_funny_score_15,,"Exact saved-spin mechanic, deterministic reference Monte Carlo",SIMULATED WITNESS; ACTIVE TRIGGER UNIT CHECK
Existing,Exact numbers,Twenty Twenty,Reach exactly 20 accumulated points at least once during an official Daily (final score may differ).,Rare,7.83913333,95% Wilson interval: 7.7962264–7.8822562%,"Exact saved-spin mechanic, deterministic reference Monte Carlo",,v2_funny_score_20,,"Exact saved-spin mechanic, deterministic reference Monte Carlo",SIMULATED WITNESS; ACTIVE TRIGGER UNIT CHECK
Existing,Exact numbers,Around the Clock,Reach exactly 24 accumulated points at least once during an official Daily (final score may differ).,Rare,8.39573333,95% Wilson interval: 8.3514588–8.4402210%,"Exact saved-spin mechanic, deterministic reference Monte Carlo",,v2_funny_score_24,,"Exact saved-spin mechanic, deterministic reference Monte Carlo",SIMULATED WITNESS; ACTIVE TRIGGER UNIT CHECK
Existing,Exact numbers,Quarter Century,Reach exactly 25 accumulated points at least once during an official Daily (final score may differ).,Epic,4.33566667,95% Wilson interval: 4.3031913–4.3683760%,"Exact saved-spin mechanic, deterministic reference Monte Carlo",,v2_funny_score_25,,"Exact saved-spin mechanic, deterministic reference Monte Carlo",SIMULATED WITNESS; ACTIVE TRIGGER UNIT CHECK
Existing,Exact numbers,Thirty Flirty,Reach exactly 30 accumulated points at least once during an official Daily (final score may differ).,Rare,6.39980000,95% Wilson interval: 6.3607435–6.4390798%,"Exact saved-spin mechanic, deterministic reference Monte Carlo",,v2_funny_score_30,,"Exact saved-spin mechanic, deterministic reference Monte Carlo",SIMULATED WITNESS; ACTIVE TRIGGER UNIT CHECK
Existing,Exact numbers,Double Threes,Reach exactly 33 accumulated points at least once during an official Daily (final score may differ).,Epic,4.90206667,95% Wilson interval: 4.8676290–4.9367353%,"Exact saved-spin mechanic, deterministic reference Monte Carlo",,v2_funny_score_33,,"Exact saved-spin mechanic, deterministic reference Monte Carlo",SIMULATED WITNESS; ACTIVE TRIGGER UNIT CHECK
Existing,Exact numbers,Half a Century,Reach exactly 50 accumulated points at least once during an official Daily (final score may differ).,Anomaly,1.35920000,95% Wilson interval: 1.3407940–1.3778552%,"Exact saved-spin mechanic, deterministic reference Monte Carlo",,v2_funny_score_50,,"Exact saved-spin mechanic, deterministic reference Monte Carlo",SIMULATED WITNESS; ACTIVE TRIGGER UNIT CHECK
Existing,Exact numbers,Double Fives,Reach exactly 55 accumulated points at least once during an official Daily (final score may differ).,Mythic,0.93126667,95% Wilson interval: 0.9160204–0.9467643%,"Exact saved-spin mechanic, deterministic reference Monte Carlo",,v2_funny_score_55,,"Exact saved-spin mechanic, deterministic reference Monte Carlo",SIMULATED WITNESS; ACTIVE TRIGGER UNIT CHECK
Existing,Exact numbers,Double Sixes,Reach exactly 66 accumulated points at least once during an official Daily (final score may differ).,Anomaly,1.45813333,95% Wilson interval: 1.4390741–1.4774412%,"Exact saved-spin mechanic, deterministic reference Monte Carlo",,v2_funny_score_66,,"Exact saved-spin mechanic, deterministic reference Monte Carlo",SIMULATED WITNESS; ACTIVE TRIGGER UNIT CHECK
Existing,Exact numbers,Seventy Up,Reach exactly 70 accumulated points at least once during an official Daily (final score may differ).,Mythic,0.54160000,95% Wilson interval: 0.5299805–0.5534728%,"Exact saved-spin mechanic, deterministic reference Monte Carlo",,v2_funny_score_70,,"Exact saved-spin mechanic, deterministic reference Monte Carlo",SIMULATED WITNESS; ACTIVE TRIGGER UNIT CHECK
Existing,Exact numbers,Double Lucky,Reach exactly 77 accumulated points at least once during an official Daily (final score may differ).,Mythic,0.37026667,95% Wilson interval: 0.3606730–0.3801145%,"Exact saved-spin mechanic, deterministic reference Monte Carlo",,v2_funny_score_77,,"Exact saved-spin mechanic, deterministic reference Monte Carlo",SIMULATED WITNESS; ACTIVE TRIGGER UNIT CHECK
Existing,Exact numbers,Double Eights,Reach exactly 88 accumulated points at least once during an official Daily (final score may differ).,Mythic,0.31700000,95% Wilson interval: 0.3081303–0.3261242%,"Exact saved-spin mechanic, deterministic reference Monte Carlo",,v2_funny_score_88,,"Exact saved-spin mechanic, deterministic reference Monte Carlo",SIMULATED WITNESS; ACTIVE TRIGGER UNIT CHECK
Existing,Exact numbers,Triple Digits,Reach exactly 100 accumulated points at least once during an official Daily (final score may differ).,Mythic,0.28026667,95% Wilson interval: 0.2719327–0.2888553%,"Exact saved-spin mechanic, deterministic reference Monte Carlo",,v2_funny_score_100,,"Exact saved-spin mechanic, deterministic reference Monte Carlo",SIMULATED WITNESS; ACTIVE TRIGGER UNIT CHECK
Existing,Exact numbers,Introduction to Numbers,Reach exactly 101 accumulated points at least once during an official Daily (final score may differ).,Mythic,0.21720000,95% Wilson interval: 0.2098762–0.2247788%,"Exact saved-spin mechanic, deterministic reference Monte Carlo",,v2_funny_score_101,,"Exact saved-spin mechanic, deterministic reference Monte Carlo",SIMULATED WITNESS; ACTIVE TRIGGER UNIT CHECK
Existing,Exact numbers,Double Century,Reach exactly 200 accumulated points at least once during an official Daily (final score may differ).,Mythic,0.04373333,95% Wilson interval: 0.0405129–0.0472097%,"Exact saved-spin mechanic, deterministic reference Monte Carlo",,v2_funny_score_200,,"Exact saved-spin mechanic, deterministic reference Monte Carlo",SIMULATED WITNESS; ACTIVE TRIGGER UNIT CHECK
Existing,Score rarity,Trash Score,Finish one official Daily with a final score of 0–6.,Trash,1.24146667,95% Wilson interval: 1.2238711–1.2593120%,"Final-score band, mutually exclusive; empirical band frequency",,v2_score_rarity_trash,,"Final-score band, mutually exclusive; empirical band frequency",SIMULATED WITNESS; ACTIVE TRIGGER UNIT CHECK
Existing,Score rarity,Common Score,Finish one official Daily with a final score of 7–24.,Common,49.77393333,95% Wilson interval: 49.6939182–49.8539497%,"Final-score band, mutually exclusive; empirical band frequency",,v2_score_rarity_common,,"Final-score band, mutually exclusive; empirical band frequency",SIMULATED WITNESS; ACTIVE TRIGGER UNIT CHECK
Existing,Score rarity,Uncommon Score,Finish one official Daily with a final score of 25–48.,Uncommon,24.53293333,95% Wilson interval: 24.4641391–24.6018580%,"Final-score band, mutually exclusive; empirical band frequency",,v2_score_rarity_uncommon,,"Final-score band, mutually exclusive; empirical band frequency",SIMULATED WITNESS; ACTIVE TRIGGER UNIT CHECK
Existing,Score rarity,Rare Score,Finish one official Daily with a final score of 49–92.,Rare,14.53073333,95% Wilson interval: 14.4744268–14.5872216%,"Final-score band, mutually exclusive; empirical band frequency",,v2_score_rarity_rare,,"Final-score band, mutually exclusive; empirical band frequency",SIMULATED WITNESS; ACTIVE TRIGGER UNIT CHECK
Existing,Score rarity,Epic Score,Finish one official Daily with a final score of 93–141.,Epic,4.98306667,95% Wilson interval: 4.9483594–5.0180046%,"Final-score band, mutually exclusive; empirical band frequency",,v2_score_rarity_epic,,"Final-score band, mutually exclusive; empirical band frequency",SIMULATED WITNESS; ACTIVE TRIGGER UNIT CHECK
Existing,Score rarity,Anomaly Score,Finish one official Daily with a final score of 142–300.,Anomaly,3.82560000,95% Wilson interval: 3.7950215–3.8564150%,"Final-score band, mutually exclusive; empirical band frequency",,v2_score_rarity_anomaly,,"Final-score band, mutually exclusive; empirical band frequency",SIMULATED WITNESS; ACTIVE TRIGGER UNIT CHECK
Existing,Score rarity,Mythic Score,Finish one official Daily with a final score of at least 301.,Mythic,1.11226667,95% Wilson interval: 1.0956078–1.1291760%,"Final-score band, mutually exclusive; empirical band frequency",,v2_score_rarity_mythic,,"Final-score band, mutually exclusive; empirical band frequency",SIMULATED WITNESS; ACTIVE TRIGGER UNIT CHECK
Existing,Wheel Duck,Duck Collector 2,Land 2 Duck results during one official Daily.,Common,37.67093333,95% Wilson interval: 37.5934191–37.7485107%,"Exact saved-spin mechanic, deterministic reference Monte Carlo",,v2_duck_total_2,,"Exact saved-spin mechanic, deterministic reference Monte Carlo",SIMULATED WITNESS; ACTIVE TRIGGER UNIT CHECK
Existing,Wheel Duck,Duck Collector 3,Land 3 Duck results during one official Daily.,Uncommon,17.48306667,95% Wilson interval: 17.4223658–17.5439341%,"Exact saved-spin mechanic, deterministic reference Monte Carlo",,v2_duck_total_3,,"Exact saved-spin mechanic, deterministic reference Monte Carlo",SIMULATED WITNESS; ACTIVE TRIGGER UNIT CHECK
Existing,Wheel Duck,Duck Collector 4,Land 4 Duck results during one official Daily.,Rare,7.35933333,95% Wilson interval: 7.3176565–7.4012286%,"Exact saved-spin mechanic, deterministic reference Monte Carlo",,v2_duck_total_4,,"Exact saved-spin mechanic, deterministic reference Monte Carlo",SIMULATED WITNESS; ACTIVE TRIGGER UNIT CHECK
Existing,Wheel Duck,Duck Collector 5,Land 5 Duck results during one official Daily.,Epic,2.90060000,95% Wilson interval: 2.8738631–2.9275782%,"Exact saved-spin mechanic, deterministic reference Monte Carlo",,v2_duck_total_5,,"Exact saved-spin mechanic, deterministic reference Monte Carlo",SIMULATED WITNESS; ACTIVE TRIGGER UNIT CHECK
Existing,Wheel Duck,Duck Streak 2,Land 2 consecutive Duck results during one official Daily.,Uncommon,16.32813333,95% Wilson interval: 16.2690677–16.3873714%,"Exact saved-spin mechanic, deterministic reference Monte Carlo",,v2_duck_streak_2,,"Exact saved-spin mechanic, deterministic reference Monte Carlo",SIMULATED WITNESS; ACTIVE TRIGGER UNIT CHECK
Existing,Wheel Duck,Duck Streak 3,Land 3 consecutive Duck results during one official Daily.,Epic,2.75833333,95% Wilson interval: 2.7322445–2.7846641%,"Exact saved-spin mechanic, deterministic reference Monte Carlo",,v2_duck_streak_3,,"Exact saved-spin mechanic, deterministic reference Monte Carlo",SIMULATED WITNESS; ACTIVE TRIGGER UNIT CHECK
Existing,Wheel Duck,Duck Streak 4,Land 4 consecutive Duck results during one official Daily.,Mythic,0.44460000,95% Wilson interval: 0.4340792–0.4553747%,"Exact saved-spin mechanic, deterministic reference Monte Carlo",,v2_duck_streak_4,,"Exact saved-spin mechanic, deterministic reference Monte Carlo",SIMULATED WITNESS; ACTIVE TRIGGER UNIT CHECK
Existing,Wheel ×2,×2 Collector 1,Land 1 ×2 results during one official Daily.,Common,46.92833333,95% Wilson interval: 46.8484758–47.0082066%,"Exact saved-spin mechanic, deterministic reference Monte Carlo",,v2_double_total_1,,"Exact saved-spin mechanic, deterministic reference Monte Carlo",SIMULATED WITNESS; ACTIVE TRIGGER UNIT CHECK
Existing,Wheel ×2,×2 Collector 2,Land 2 ×2 results during one official Daily.,Uncommon,15.67693333,95% Wilson interval: 15.6188358–15.7352067%,"Exact saved-spin mechanic, deterministic reference Monte Carlo",,v2_double_total_2,,"Exact saved-spin mechanic, deterministic reference Monte Carlo",SIMULATED WITNESS; ACTIVE TRIGGER UNIT CHECK
Existing,Wheel ×2,×2 Collector 3,Land 3 ×2 results during one official Daily.,Epic,4.35273333,95% Wilson interval: 4.3201967–4.3855038%,"Exact saved-spin mechanic, deterministic reference Monte Carlo",,v2_double_total_3,,"Exact saved-spin mechanic, deterministic reference Monte Carlo",SIMULATED WITNESS; ACTIVE TRIGGER UNIT CHECK
Existing,Wheel ×2,×2 Streak 2,Land 2 consecutive ×2 results during one official Daily.,Epic,4.75593333,95% Wilson interval: 4.7219888–4.7901096%,"Exact saved-spin mechanic, deterministic reference Monte Carlo",,v2_double_streak_2,,"Exact saved-spin mechanic, deterministic reference Monte Carlo",SIMULATED WITNESS; ACTIVE TRIGGER UNIT CHECK
Existing,Wheel ×2,×2 Streak 3,Land 3 consecutive ×2 results during one official Daily.,Mythic,0.38800000,95% Wilson interval: 0.3781772–0.3980769%,"Exact saved-spin mechanic, deterministic reference Monte Carlo",,v2_double_streak_3,,"Exact saved-spin mechanic, deterministic reference Monte Carlo",SIMULATED WITNESS; ACTIVE TRIGGER UNIT CHECK
Existing,Wheel +2 Spins,+2 Spins Collector 1,Land 1 +2 Spins results during one official Daily.,Common,43.91000000,95% Wilson interval: 43.8305948–43.9894364%,"Exact saved-spin mechanic, deterministic reference Monte Carlo",,v2_spins_total_1,,"Exact saved-spin mechanic, deterministic reference Monte Carlo",SIMULATED WITNESS; ACTIVE TRIGGER UNIT CHECK
Existing,Wheel +2 Spins,+2 Spins Collector 2,Land 2 +2 Spins results during one official Daily.,Uncommon,16.12753333,95% Wilson interval: 16.0687623–16.1864779%,"Exact saved-spin mechanic, deterministic reference Monte Carlo",,v2_spins_total_2,,"Exact saved-spin mechanic, deterministic reference Monte Carlo",SIMULATED WITNESS; ACTIVE TRIGGER UNIT CHECK
Existing,Wheel +2 Spins,+2 Spins Collector 3,Land 3 +2 Spins results during one official Daily.,Rare,5.53886667,95% Wilson interval: 5.5023748–5.5755863%,"Exact saved-spin mechanic, deterministic reference Monte Carlo",,v2_spins_total_3,,"Exact saved-spin mechanic, deterministic reference Monte Carlo",SIMULATED WITNESS; ACTIVE TRIGGER UNIT CHECK
Existing,Wheel +2 Spins,+2 Spins Collector 4,Land 4 +2 Spins results during one official Daily.,Anomaly,1.84373333,95% Wilson interval: 1.8223276–1.8653857%,"Exact saved-spin mechanic, deterministic reference Monte Carlo",,v2_spins_total_4,,"Exact saved-spin mechanic, deterministic reference Monte Carlo",SIMULATED WITNESS; ACTIVE TRIGGER UNIT CHECK
Existing,Wheel +2 Spins,+2 Spins Streak 2,Land 2 consecutive +2 Spins results during one official Daily.,Epic,4.67100000,95% Wilson interval: 4.6373462–4.7048860%,"Exact saved-spin mechanic, deterministic reference Monte Carlo",,v2_spins_streak_2,,"Exact saved-spin mechanic, deterministic reference Monte Carlo",SIMULATED WITNESS; ACTIVE TRIGGER UNIT CHECK
Existing,Wheel +2 Spins,+2 Spins Streak 3,Land 3 consecutive +2 Spins results during one official Daily.,Mythic,0.38286667,95% Wilson interval: 0.3731097–0.3928778%,"Exact saved-spin mechanic, deterministic reference Monte Carlo",,v2_spins_streak_3,,"Exact saved-spin mechanic, deterministic reference Monte Carlo",SIMULATED WITNESS; ACTIVE TRIGGER UNIT CHECK
Existing,Wheel Upgrade,Upgrade Collector 1,Land 1 Upgrade results during one official Daily.,Common,52.97406667,95% Wilson interval: 52.8941842–53.0539339%,"Exact saved-spin mechanic, deterministic reference Monte Carlo",,v2_upgrade_total_1,,"Exact saved-spin mechanic, deterministic reference Monte Carlo",SIMULATED WITNESS; ACTIVE TRIGGER UNIT CHECK
Existing,Wheel Upgrade,Upgrade Collector 2,Land 2 Upgrade results during one official Daily.,Uncommon,13.28380000,95% Wilson interval: 13.2295788–13.3382093%,"Exact saved-spin mechanic, deterministic reference Monte Carlo",,v2_upgrade_total_2,,"Exact saved-spin mechanic, deterministic reference Monte Carlo",SIMULATED WITNESS; ACTIVE TRIGGER UNIT CHECK
Existing,Wheel Upgrade,Upgrade Collector 3,Land 3 Upgrade results during one official Daily.,Anomaly,1.86186667,95% Wilson interval: 1.8403573–1.8836226%,"Exact saved-spin mechanic, deterministic reference Monte Carlo",,v2_upgrade_total_3,,"Exact saved-spin mechanic, deterministic reference Monte Carlo",SIMULATED WITNESS; ACTIVE TRIGGER UNIT CHECK
Existing,Wheel Upgrade,Upgrade Streak 2,Land 2 consecutive Upgrade results during one official Daily.,Epic,3.60260000,95% Wilson interval: 3.5728956–3.6325420%,"Exact saved-spin mechanic, deterministic reference Monte Carlo",,v2_upgrade_streak_2,,"Exact saved-spin mechanic, deterministic reference Monte Carlo",SIMULATED WITNESS; ACTIVE TRIGGER UNIT CHECK
Proposed,Exact numbers,Just One,Reach exactly 1 accumulated points at least once during one official Daily; the final score may be higher.,Common,37.51333333,95% Wilson interval: 37.4358841–37.5908465%,"Exact saved-spin mechanic, deterministic reference Monte Carlo","Must implement + E2E test official-run award, Test Run suppression and deletion behavior.",idea_exact_1,,"Exact saved-spin mechanic, deterministic reference Monte Carlo",SIMULATED WITNESS; PRODUCTION TRIGGER MISSING
Proposed,Exact numbers,Two of a Kind,Reach exactly 2 accumulated points at least once during one official Daily; the final score may be higher.,Common,42.03200000,95% Wilson interval: 41.9530264–42.1110144%,"Exact saved-spin mechanic, deterministic reference Monte Carlo","Must implement + E2E test official-run award, Test Run suppression and deletion behavior.",idea_exact_2,,"Exact saved-spin mechanic, deterministic reference Monte Carlo",SIMULATED WITNESS; PRODUCTION TRIGGER MISSING
Proposed,Exact numbers,Three's Company,Reach exactly 3 accumulated points at least once during one official Daily; the final score may be higher.,Common,38.47406667,95% Wilson interval: 38.3962346–38.5519577%,"Exact saved-spin mechanic, deterministic reference Monte Carlo","Must implement + E2E test official-run award, Test Run suppression and deletion behavior.",idea_exact_3,,"Exact saved-spin mechanic, deterministic reference Monte Carlo",SIMULATED WITNESS; PRODUCTION TRIGGER MISSING
Proposed,Exact numbers,Fantastic Four,Reach exactly 4 accumulated points at least once during one official Daily; the final score may be higher.,Common,31.25000000,95% Wilson interval: 31.1758707–31.3242254%,"Exact saved-spin mechanic, deterministic reference Monte Carlo","Must implement + E2E test official-run award, Test Run suppression and deletion behavior.",idea_exact_4,,"Exact saved-spin mechanic, deterministic reference Monte Carlo",SIMULATED WITNESS; PRODUCTION TRIGGER MISSING
Proposed,Exact numbers,Sixth Sense,Reach exactly 6 accumulated points at least once during one official Daily; the final score may be higher.,Common,35.65526667,95% Wilson interval: 35.5786506–35.7319563%,"Exact saved-spin mechanic, deterministic reference Monte Carlo","Must implement + E2E test official-run award, Test Run suppression and deletion behavior.",idea_exact_6,,"Exact saved-spin mechanic, deterministic reference Monte Carlo",SIMULATED WITNESS; PRODUCTION TRIGGER MISSING
Proposed,Exact numbers,Eight Is Great,Reach exactly 8 accumulated points at least once during one official Daily; the final score may be higher.,Uncommon,28.14866667,95% Wilson interval: 28.0767518–28.2206934%,"Exact saved-spin mechanic, deterministic reference Monte Carlo","Must implement + E2E test official-run award, Test Run suppression and deletion behavior.",idea_exact_8,,"Exact saved-spin mechanic, deterministic reference Monte Carlo",SIMULATED WITNESS; PRODUCTION TRIGGER MISSING
Proposed,Exact numbers,Cloud Nine,Reach exactly 9 accumulated points at least once during one official Daily; the final score may be higher.,Uncommon,25.61480000,95% Wilson interval: 25.5450072–25.6847177%,"Exact saved-spin mechanic, deterministic reference Monte Carlo","Must implement + E2E test official-run award, Test Run suppression and deletion behavior.",idea_exact_9,,"Exact saved-spin mechanic, deterministic reference Monte Carlo",SIMULATED WITNESS; PRODUCTION TRIGGER MISSING
Proposed,Exact numbers,Two Weeks,Reach exactly 14 accumulated points at least once during one official Daily; the final score may be higher.,Uncommon,14.09213333,95% Wilson interval: 14.0365432–14.1479074%,"Exact saved-spin mechanic, deterministic reference Monte Carlo","Must implement + E2E test official-run award, Test Run suppression and deletion behavior.",idea_exact_14,,"Exact saved-spin mechanic, deterministic reference Monte Carlo",SIMULATED WITNESS; PRODUCTION TRIGGER MISSING
Proposed,Exact numbers,Sweet Sixteen,Reach exactly 16 accumulated points at least once during one official Daily; the final score may be higher.,Uncommon,11.57773333,95% Wilson interval: 11.5266278–11.6290357%,"Exact saved-spin mechanic, deterministic reference Monte Carlo","Must implement + E2E test official-run award, Test Run suppression and deletion behavior.",idea_exact_16,,"Exact saved-spin mechanic, deterministic reference Monte Carlo",SIMULATED WITNESS; PRODUCTION TRIGGER MISSING
Proposed,Exact numbers,Seventeen Again,Reach exactly 17 accumulated points at least once during one official Daily; the final score may be higher.,Rare,8.48353333,95% Wilson interval: 8.4390485–8.5282309%,"Exact saved-spin mechanic, deterministic reference Monte Carlo","Must implement + E2E test official-run award, Test Run suppression and deletion behavior.",idea_exact_17,,"Exact saved-spin mechanic, deterministic reference Monte Carlo",SIMULATED WITNESS; PRODUCTION TRIGGER MISSING
Proposed,Exact numbers,Finally Eighteen,Reach exactly 18 accumulated points at least once during one official Daily; the final score may be higher.,Uncommon,11.90206667,95% Wilson interval: 11.8503434–11.9539851%,"Exact saved-spin mechanic, deterministic reference Monte Carlo","Must implement + E2E test official-run award, Test Run suppression and deletion behavior.",idea_exact_18,,"Exact saved-spin mechanic, deterministic reference Monte Carlo",SIMULATED WITNESS; PRODUCTION TRIGGER MISSING
Proposed,Exact numbers,Nineteen Ninety-Nine-ish,Reach exactly 19 accumulated points at least once during one official Daily; the final score may be higher.,Rare,6.76306667,95% Wilson interval: 6.7229912–6.8033636%,"Exact saved-spin mechanic, deterministic reference Monte Carlo","Must implement + E2E test official-run award, Test Run suppression and deletion behavior.",idea_exact_19,,"Exact saved-spin mechanic, deterministic reference Monte Carlo",SIMULATED WITNESS; PRODUCTION TRIGGER MISSING
Proposed,Exact numbers,Double Deuces,Reach exactly 22 accumulated points at least once during one official Daily; the final score may be higher.,Rare,6.21233333,95% Wilson interval: 6.1738166–6.2510743%,"Exact saved-spin mechanic, deterministic reference Monte Carlo","Must implement + E2E test official-run award, Test Run suppression and deletion behavior.",idea_exact_22,,"Exact saved-spin mechanic, deterministic reference Monte Carlo",SIMULATED WITNESS; PRODUCTION TRIGGER MISSING
Proposed,Exact numbers,Twenty-Three,Reach exactly 23 accumulated points at least once during one official Daily; the final score may be higher.,Epic,4.83773333,95% Wilson interval: 4.8035117–4.8721863%,"Exact saved-spin mechanic, deterministic reference Monte Carlo","Must implement + E2E test official-run award, Test Run suppression and deletion behavior.",idea_exact_23,,"Exact saved-spin mechanic, deterministic reference Monte Carlo",SIMULATED WITNESS; PRODUCTION TRIGGER MISSING
Proposed,Exact numbers,Twenty-Six Letters,Reach exactly 26 accumulated points at least once during one official Daily; the final score may be higher.,Epic,4.70460000,95% Wilson interval: 4.6708308–4.7386012%,"Exact saved-spin mechanic, deterministic reference Monte Carlo","Must implement + E2E test official-run award, Test Run suppression and deletion behavior.",idea_exact_26,,"Exact saved-spin mechanic, deterministic reference Monte Carlo",SIMULATED WITNESS; PRODUCTION TRIGGER MISSING
Proposed,Exact numbers,Three Cubed,Reach exactly 27 accumulated points at least once during one official Daily; the final score may be higher.,Rare,6.09446667,95% Wilson interval: 6.0562944–6.1328638%,"Exact saved-spin mechanic, deterministic reference Monte Carlo","Must implement + E2E test official-run award, Test Run suppression and deletion behavior.",idea_exact_27,,"Exact saved-spin mechanic, deterministic reference Monte Carlo",SIMULATED WITNESS; PRODUCTION TRIGGER MISSING
Proposed,Exact numbers,February Forever,Reach exactly 28 accumulated points at least once during one official Daily; the final score may be higher.,Epic,4.18100000,95% Wilson interval: 4.1490857–4.2131490%,"Exact saved-spin mechanic, deterministic reference Monte Carlo","Must implement + E2E test official-run award, Test Run suppression and deletion behavior.",idea_exact_28,,"Exact saved-spin mechanic, deterministic reference Monte Carlo",SIMULATED WITNESS; PRODUCTION TRIGGER MISSING
Proposed,Exact numbers,Thirty-Two Bits,Reach exactly 32 accumulated points at least once during one official Daily; the final score may be higher.,Epic,3.53753333,95% Wilson interval: 3.5080897–3.5672149%,"Exact saved-spin mechanic, deterministic reference Monte Carlo","Must implement + E2E test official-run award, Test Run suppression and deletion behavior.",idea_exact_32,,"Exact saved-spin mechanic, deterministic reference Monte Carlo",SIMULATED WITNESS; PRODUCTION TRIGGER MISSING
Proposed,Exact numbers,Thirty-Four,Reach exactly 34 accumulated points at least once during one official Daily; the final score may be higher.,Epic,2.96406667,95% Wilson interval: 2.9370462–2.9913280%,"Exact saved-spin mechanic, deterministic reference Monte Carlo","Must implement + E2E test official-run award, Test Run suppression and deletion behavior.",idea_exact_34,,"Exact saved-spin mechanic, deterministic reference Monte Carlo",SIMULATED WITNESS; PRODUCTION TRIGGER MISSING
Proposed,Exact numbers,Square Six,Reach exactly 36 accumulated points at least once during one official Daily; the final score may be higher.,Rare,5.06760000,95% Wilson interval: 5.0326140–5.1028162%,"Exact saved-spin mechanic, deterministic reference Monte Carlo","Must implement + E2E test official-run award, Test Run suppression and deletion behavior.",idea_exact_36,,"Exact saved-spin mechanic, deterministic reference Monte Carlo",SIMULATED WITNESS; PRODUCTION TRIGGER MISSING
Proposed,Exact numbers,Over the Hill,Reach exactly 40 accumulated points at least once during one official Daily; the final score may be higher.,Epic,2.32893333,95% Wilson interval: 2.3049188–2.3531921%,"Exact saved-spin mechanic, deterministic reference Monte Carlo","Must implement + E2E test official-run award, Test Run suppression and deletion behavior.",idea_exact_40,,"Exact saved-spin mechanic, deterministic reference Monte Carlo",SIMULATED WITNESS; PRODUCTION TRIGGER MISSING
Proposed,Exact numbers,Forty-Four,Reach exactly 44 accumulated points at least once during one official Daily; the final score may be higher.,Anomaly,1.80420000,95% Wilson interval: 1.7830221–1.8256247%,"Exact saved-spin mechanic, deterministic reference Monte Carlo","Must implement + E2E test official-run award, Test Run suppression and deletion behavior.",idea_exact_44,,"Exact saved-spin mechanic, deterministic reference Monte Carlo",SIMULATED WITNESS; PRODUCTION TRIGGER MISSING
Proposed,Exact numbers,Seven Squared,Reach exactly 49 accumulated points at least once during one official Daily; the final score may be higher.,Anomaly,1.22553333,95% Wilson interval: 1.2080504–1.2432661%,"Exact saved-spin mechanic, deterministic reference Monte Carlo","Must implement + E2E test official-run award, Test Run suppression and deletion behavior.",idea_exact_49,,"Exact saved-spin mechanic, deterministic reference Monte Carlo",SIMULATED WITNESS; PRODUCTION TRIGGER MISSING
Proposed,Exact numbers,One Minute,Reach exactly 60 accumulated points at least once during one official Daily; the final score may be higher.,Anomaly,1.90126667,95% Wilson interval: 1.8795339–1.9232458%,"Exact saved-spin mechanic, deterministic reference Monte Carlo","Must implement + E2E test official-run award, Test Run suppression and deletion behavior.",idea_exact_60,,"Exact saved-spin mechanic, deterministic reference Monte Carlo",SIMULATED WITNESS; PRODUCTION TRIGGER MISSING
Proposed,Exact numbers,Sixty-Four Bits,Reach exactly 64 accumulated points at least once during one official Daily; the final score may be higher.,Mythic,0.78186667,95% Wilson interval: 0.7678969–0.7960885%,"Exact saved-spin mechanic, deterministic reference Monte Carlo","Must implement + E2E test official-run award, Test Run suppression and deletion behavior.",idea_exact_64,,"Exact saved-spin mechanic, deterministic reference Monte Carlo",SIMULATED WITNESS; PRODUCTION TRIGGER MISSING
Proposed,Exact numbers,Nine Squared,Reach exactly 81 accumulated points at least once during one official Daily; the final score may be higher.,Mythic,0.91886667,95% Wilson interval: 0.9037221–0.9342626%,"Exact saved-spin mechanic, deterministic reference Monte Carlo","Must implement + E2E test official-run award, Test Run suppression and deletion behavior.",idea_exact_81,,"Exact saved-spin mechanic, deterministic reference Monte Carlo",SIMULATED WITNESS; PRODUCTION TRIGGER MISSING
Proposed,Wheel combinations,Duck Sandwich,"Get these consecutive spin-result types, in this exact order, during one official Daily: Duck → number → Duck.",Rare,9.60906667,95% Wilson interval: 9.5620057–9.6563345%,"Exact saved-spin mechanic, deterministic reference Monte Carlo","Must implement + E2E test official-run award, Test Run suppression and deletion behavior.",idea_seq_94,,"Exact saved-spin mechanic, deterministic reference Monte Carlo",SIMULATED WITNESS; PRODUCTION TRIGGER MISSING
Proposed,Wheel combinations,Double Duck,"Get these consecutive spin-result types, in this exact order, during one official Daily: ×2 → Duck.",Rare,9.87693333,95% Wilson interval: 9.8292898–9.9247824%,"Exact saved-spin mechanic, deterministic reference Monte Carlo","Must implement + E2E test official-run award, Test Run suppression and deletion behavior.",idea_seq_95,,"Exact saved-spin mechanic, deterministic reference Monte Carlo",SIMULATED WITNESS; PRODUCTION TRIGGER MISSING
Proposed,Wheel combinations,Duck Double,"Get these consecutive spin-result types, in this exact order, during one official Daily: Duck → ×2.",Rare,9.89400000,95% Wilson interval: 9.8463197–9.9418857%,"Exact saved-spin mechanic, deterministic reference Monte Carlo","Must implement + E2E test official-run award, Test Run suppression and deletion behavior.",idea_seq_96,,"Exact saved-spin mechanic, deterministic reference Monte Carlo",SIMULATED WITNESS; PRODUCTION TRIGGER MISSING
Proposed,Wheel combinations,Upgrade Then Double,"Get these consecutive spin-result types, in this exact order, during one official Daily: Upgrade → ×2.",Epic,3.71900000,95% Wilson interval: 3.6888357–3.7494014%,"Exact saved-spin mechanic, deterministic reference Monte Carlo","Must implement + E2E test official-run award, Test Run suppression and deletion behavior.",idea_seq_97,,"Exact saved-spin mechanic, deterministic reference Monte Carlo",SIMULATED WITNESS; PRODUCTION TRIGGER MISSING
Proposed,Wheel combinations,Double Then Upgrade,"Get these consecutive spin-result types, in this exact order, during one official Daily: ×2 → Upgrade.",Rare,5.19666667,95% Wilson interval: 5.1612603–5.2323025%,"Exact saved-spin mechanic, deterministic reference Monte Carlo","Must implement + E2E test official-run award, Test Run suppression and deletion behavior.",idea_seq_98,,"Exact saved-spin mechanic, deterministic reference Monte Carlo",SIMULATED WITNESS; PRODUCTION TRIGGER MISSING
Proposed,Wheel combinations,Bonus Bookends,Get these consecutive spin-result types in one official Daily: +2 Spins → Duck → +2 Spins.,Mythic,0.81933333,95% Wilson interval: 0.8050325–0.8338861%,"Exact saved-spin mechanic, deterministic reference Monte Carlo","Must implement + E2E test official-run award, Test Run suppression and deletion behavior.",idea_seq_99,,"Exact saved-spin mechanic, deterministic reference Monte Carlo",SIMULATED WITNESS; PRODUCTION TRIGGER MISSING
Proposed,Wheel combinations,Freebie Parade,"Get these consecutive spin-result types, in this exact order, during one official Daily: Duck → ×2 → Duck.",Anomaly,1.64753333,95% Wilson interval: 1.6272854–1.6680289%,"Exact saved-spin mechanic, deterministic reference Monte Carlo","Must implement + E2E test official-run award, Test Run suppression and deletion behavior.",idea_seq_100,,"Exact saved-spin mechanic, deterministic reference Monte Carlo",SIMULATED WITNESS; PRODUCTION TRIGGER MISSING
Proposed,Wheel combinations,Triple Threat,"Get these consecutive spin-result types, in this exact order, during one official Daily: Duck → ×2 → +2 Spins.",Mythic,0.82800000,95% Wilson interval: 0.8136237–0.8426282%,"Exact saved-spin mechanic, deterministic reference Monte Carlo","Must implement + E2E test official-run award, Test Run suppression and deletion behavior.",idea_seq_101,,"Exact saved-spin mechanic, deterministic reference Monte Carlo",SIMULATED WITNESS; PRODUCTION TRIGGER MISSING
Proposed,Wheel combinations,Special Delivery,"Get these consecutive spin-result types, in this exact order, during one official Daily: Upgrade → +2 Spins → Duck.",Mythic,0.41953333,95% Wilson interval: 0.4093157–0.4300049%,"Exact saved-spin mechanic, deterministic reference Monte Carlo","Must implement + E2E test official-run award, Test Run suppression and deletion behavior.",idea_seq_102,,"Exact saved-spin mechanic, deterministic reference Monte Carlo",SIMULATED WITNESS; PRODUCTION TRIGGER MISSING
Proposed,Wheel combinations,Duck Upgrade Duck,"Get these consecutive spin-result types, in this exact order, during one official Daily: Duck → Upgrade → Duck.",Anomaly,1.17926667,95% Wilson interval: 1.1621154–1.1966680%,"Exact saved-spin mechanic, deterministic reference Monte Carlo","Must implement + E2E test official-run award, Test Run suppression and deletion behavior.",idea_seq_103,,"Exact saved-spin mechanic, deterministic reference Monte Carlo",SIMULATED WITNESS; PRODUCTION TRIGGER MISSING
Proposed,Wheel combinations,The Accelerator,"Get these consecutive spin-result types, in this exact order, during one official Daily: ×2 → Upgrade → ×2.",Mythic,0.29986667,95% Wilson interval: 0.2912427–0.3087452%,"Exact saved-spin mechanic, deterministic reference Monte Carlo","Must implement + E2E test official-run award, Test Run suppression and deletion behavior.",idea_seq_104,,"Exact saved-spin mechanic, deterministic reference Monte Carlo",SIMULATED WITNESS; PRODUCTION TRIGGER MISSING
Proposed,Wheel combinations,The Detour,"Get these consecutive spin-result types, in this exact order, during one official Daily: number → Duck → number.",Common,36.31840000,95% Wilson interval: 36.2414723–36.3953977%,"Exact saved-spin mechanic, deterministic reference Monte Carlo","Must implement + E2E test official-run award, Test Run suppression and deletion behavior.",idea_seq_105,,"Exact saved-spin mechanic, deterministic reference Monte Carlo",SIMULATED WITNESS; PRODUCTION TRIGGER MISSING
Proposed,Wheel combinations,Back on Track,"Get these consecutive spin-result types, in this exact order, during one official Daily: number → Upgrade → number.",Uncommon,23.55466667,95% Wilson interval: 23.4868259–23.6226429%,"Exact saved-spin mechanic, deterministic reference Monte Carlo","Must implement + E2E test official-run award, Test Run suppression and deletion behavior.",idea_seq_106,,"Exact saved-spin mechanic, deterministic reference Monte Carlo",SIMULATED WITNESS; PRODUCTION TRIGGER MISSING
Proposed,Wheel combinations,Ups And Downs,"Get these consecutive spin-result types, in this exact order, during one official Daily: Upgrade → number → ×2.",Epic,2.29460000,95% Wilson interval: 2.2707599–2.3186845%,"Exact saved-spin mechanic, deterministic reference Monte Carlo","Must implement + E2E test official-run award, Test Run suppression and deletion behavior.",idea_seq_107,,"Exact saved-spin mechanic, deterministic reference Monte Carlo",SIMULATED WITNESS; PRODUCTION TRIGGER MISSING
Proposed,Wheel combinations,Duck Duck Number,"Get these consecutive spin-result types, in this exact order, during one official Daily: Duck → Duck → number.",Uncommon,12.07293333,95% Wilson interval: 12.0208896–12.1251713%,"Exact saved-spin mechanic, deterministic reference Monte Carlo","Must implement + E2E test official-run award, Test Run suppression and deletion behavior.",idea_seq_108,,"Exact saved-spin mechanic, deterministic reference Monte Carlo",SIMULATED WITNESS; PRODUCTION TRIGGER MISSING
Proposed,Wheel combinations,Upward Duck,"Get these consecutive spin-result types, in this exact order, during one official Daily: Upgrade → Duck.",Rare,7.35146667,95% Wilson interval: 7.3098104–7.3933414%,"Exact saved-spin mechanic, deterministic reference Monte Carlo","Must implement + E2E test official-run award, Test Run suppression and deletion behavior.",idea_seq_109,,"Exact saved-spin mechanic, deterministic reference Monte Carlo",SIMULATED WITNESS; PRODUCTION TRIGGER MISSING
Proposed,Wheel combinations,Pond Multiplier,"Get these consecutive spin-result types, in this exact order, during one official Daily: Duck → Duck → ×2.",Anomaly,1.64526667,95% Wilson interval: 1.6250326–1.6657484%,"Exact saved-spin mechanic, deterministic reference Monte Carlo","Must implement + E2E test official-run award, Test Run suppression and deletion behavior.",idea_seq_110,,"Exact saved-spin mechanic, deterministic reference Monte Carlo",SIMULATED WITNESS; PRODUCTION TRIGGER MISSING
Proposed,Wheel combinations,A Little Extra,"Get these consecutive spin-result types, in this exact order, during one official Daily: number → +2 Spins → number.",Uncommon,18.92600000,95% Wilson interval: 18.8633922–18.9887670%,"Exact saved-spin mechanic, deterministic reference Monte Carlo","Must implement + E2E test official-run award, Test Run suppression and deletion behavior.",idea_seq_111,,"Exact saved-spin mechanic, deterministic reference Monte Carlo",SIMULATED WITNESS; PRODUCTION TRIGGER MISSING
Proposed,Wheel combinations,Spin Sandwich,"Get these consecutive spin-result types, in this exact order, during one official Daily: +2 Spins → number → +2 Spins.",Epic,2.98586667,95% Wilson interval: 2.9587496–3.0132245%,"Exact saved-spin mechanic, deterministic reference Monte Carlo","Must implement + E2E test official-run award, Test Run suppression and deletion behavior.",idea_seq_112,,"Exact saved-spin mechanic, deterministic reference Monte Carlo",SIMULATED WITNESS; PRODUCTION TRIGGER MISSING
Proposed,Wheel combinations,Three Specials,"Get these consecutive spin-result types, in this exact order, during one official Daily: Duck → Upgrade → +2 Spins.",Mythic,0.58393333,95% Wilson interval: 0.5718660–0.5962538%,"Exact saved-spin mechanic, deterministic reference Monte Carlo","Must implement + E2E test official-run award, Test Run suppression and deletion behavior.",idea_seq_113,,"Exact saved-spin mechanic, deterministic reference Monte Carlo",SIMULATED WITNESS; PRODUCTION TRIGGER MISSING
Proposed,Wheel combinations,Lucky Interrupt,"Get these consecutive spin-result types, in this exact order, during one official Daily: ×2 → Duck → ×2.",Mythic,0.82580000,95% Wilson interval: 0.8114428–0.8404091%,"Exact saved-spin mechanic, deterministic reference Monte Carlo","Must implement + E2E test official-run award, Test Run suppression and deletion behavior.",idea_seq_114,,"Exact saved-spin mechanic, deterministic reference Monte Carlo",SIMULATED WITNESS; PRODUCTION TRIGGER MISSING
Proposed,Wheel combinations,The Upgrade Train,"Get these consecutive spin-result types, in this exact order, during one official Daily: number → Upgrade → Upgrade.",Anomaly,1.94746667,95% Wilson interval: 1.9254750–1.9697044%,"Exact saved-spin mechanic, deterministic reference Monte Carlo","Must implement + E2E test official-run award, Test Run suppression and deletion behavior.",idea_seq_115,,"Exact saved-spin mechanic, deterministic reference Monte Carlo",SIMULATED WITNESS; PRODUCTION TRIGGER MISSING
Proposed,Wheel combinations,Duck Crossing,"Get these consecutive spin-result types, in this exact order, during one official Daily: number → Duck → Duck.",Uncommon,10.33213333,95% Wilson interval: 10.2835242–10.3809456%,"Exact saved-spin mechanic, deterministic reference Monte Carlo","Must implement + E2E test official-run award, Test Run suppression and deletion behavior.",idea_seq_116,,"Exact saved-spin mechanic, deterministic reference Monte Carlo",SIMULATED WITNESS; PRODUCTION TRIGGER MISSING
Proposed,Wheel combinations,Round Trip,"Get these consecutive spin-result types, in this exact order, during one official Daily: Upgrade → Duck → Upgrade.",Mythic,0.40806667,95% Wilson interval: 0.3979908–0.4183965%,"Exact saved-spin mechanic, deterministic reference Monte Carlo","Must implement + E2E test official-run award, Test Run suppression and deletion behavior.",idea_seq_117,,"Exact saved-spin mechanic, deterministic reference Monte Carlo",SIMULATED WITNESS; PRODUCTION TRIGGER MISSING
Proposed,Wheel combinations,Two Extra Ducks,"Get these consecutive spin-result types, in this exact order, during one official Daily: +2 Spins → Duck → Duck.",Anomaly,1.66086667,95% Wilson interval: 1.6405379–1.6814431%,"Exact saved-spin mechanic, deterministic reference Monte Carlo","Must implement + E2E test official-run award, Test Run suppression and deletion behavior.",idea_seq_118,,"Exact saved-spin mechanic, deterministic reference Monte Carlo",SIMULATED WITNESS; PRODUCTION TRIGGER MISSING
Proposed,Wheel combinations,Double Relief,"Get these consecutive spin-result types, in this exact order, during one official Daily: ×2 → +2 Spins.",Rare,5.07813333,95% Wilson interval: 5.0431128–5.1133840%,"Exact saved-spin mechanic, deterministic reference Monte Carlo","Must implement + E2E test official-run award, Test Run suppression and deletion behavior.",idea_seq_119,,"Exact saved-spin mechanic, deterministic reference Monte Carlo",SIMULATED WITNESS; PRODUCTION TRIGGER MISSING
Proposed,Wheel combinations,Bonus Multiplier,"Get these consecutive spin-result types, in this exact order, during one official Daily: +2 Spins → ×2.",Rare,5.07700000,95% Wilson interval: 5.0419832–5.1122469%,"Exact saved-spin mechanic, deterministic reference Monte Carlo","Must implement + E2E test official-run award, Test Run suppression and deletion behavior.",idea_seq_120,,"Exact saved-spin mechanic, deterministic reference Monte Carlo",SIMULATED WITNESS; PRODUCTION TRIGGER MISSING
Proposed,Wheel combinations,Upgrade Detour,Get these consecutive spin-result types in one official Daily: Upgrade → number → Duck.,Epic,4.58246667,95% Wilson interval: 4.5491191–4.6160469%,"Exact saved-spin mechanic, deterministic reference Monte Carlo","Must implement + E2E test official-run award, Test Run suppression and deletion behavior.",idea_seq_121,,"Exact saved-spin mechanic, deterministic reference Monte Carlo",SIMULATED WITNESS; PRODUCTION TRIGGER MISSING
Proposed,Wheel combinations,Double Bonus Duck,"Get these consecutive spin-result types, in this exact order, during one official Daily: ×2 → +2 Spins → Duck.",Mythic,0.82273333,95% Wilson interval: 0.8084028–0.8373157%,"Exact saved-spin mechanic, deterministic reference Monte Carlo","Must implement + E2E test official-run award, Test Run suppression and deletion behavior.",idea_seq_122,,"Exact saved-spin mechanic, deterministic reference Monte Carlo",SIMULATED WITNESS; PRODUCTION TRIGGER MISSING
Proposed,Wheel combinations,Duck Double Number,Get these consecutive spin-result types in one official Daily: Duck → ×2 → number.,Rare,6.19226667,95% Wilson interval: 6.1538083–6.2309494%,"Exact saved-spin mechanic, deterministic reference Monte Carlo","Must implement + E2E test official-run award, Test Run suppression and deletion behavior.",idea_seq_123,,"Exact saved-spin mechanic, deterministic reference Monte Carlo",SIMULATED WITNESS; PRODUCTION TRIGGER MISSING
Proposed,Wheel combinations,Special Spiral,"Get these consecutive spin-result types, in this exact order, during one official Daily: Upgrade → ×2 → +2 Spins.",Mythic,0.21040000,95% Wilson interval: 0.2031935–0.2178615%,"Exact saved-spin mechanic, deterministic reference Monte Carlo","Must implement + E2E test official-run award, Test Run suppression and deletion behavior.",idea_seq_124,,"Exact saved-spin mechanic, deterministic reference Monte Carlo",SIMULATED WITNESS; PRODUCTION TRIGGER MISSING
Proposed,Wheel combinations,The Encore,"Get these consecutive spin-result types, in this exact order, during one official Daily: number → +2 Spins → ×2.",Epic,2.65880000,95% Wilson interval: 2.6331755–2.6846670%,"Exact saved-spin mechanic, deterministic reference Monte Carlo","Must implement + E2E test official-run award, Test Run suppression and deletion behavior.",idea_seq_125,,"Exact saved-spin mechanic, deterministic reference Monte Carlo",SIMULATED WITNESS; PRODUCTION TRIGGER MISSING
Proposed,Wheel combinations,Duck Loop,"Get these consecutive spin-result types, in this exact order, during one official Daily: Duck → number → number → Duck.",Epic,4.97422000,95% Wilson interval: 4.9632290–4.9852341%,"Exact saved-spin mechanic, deterministic reference Monte Carlo","Must implement + E2E test official-run award, Test Run suppression and deletion behavior.",idea_seq_126,,"Exact saved-spin mechanic, deterministic reference Monte Carlo",SIMULATED WITNESS; PRODUCTION TRIGGER MISSING
Proposed,Wheel combinations,High Gear,"Get these consecutive spin-result types, in this exact order, during one official Daily: Upgrade → Upgrade → ×2.",Mythic,0.15813333,95% Wilson interval: 0.1519009–0.1646211%,"Exact saved-spin mechanic, deterministic reference Monte Carlo","Must implement + E2E test official-run award, Test Run suppression and deletion behavior.",idea_seq_127,,"Exact saved-spin mechanic, deterministic reference Monte Carlo",SIMULATED WITNESS; PRODUCTION TRIGGER MISSING
Proposed,Wheel combinations,Double Duck Bonus,"Get these consecutive spin-result types, in this exact order, during one official Daily: ×2 → Duck → +2 Spins.",Mythic,0.82326667,95% Wilson interval: 0.8089315–0.8378537%,"Exact saved-spin mechanic, deterministic reference Monte Carlo","Must implement + E2E test official-run award, Test Run suppression and deletion behavior.",idea_seq_128,,"Exact saved-spin mechanic, deterministic reference Monte Carlo",SIMULATED WITNESS; PRODUCTION TRIGGER MISSING
Proposed,Single-run challenges,All Numbers,"Use all five starting spins on number results, with no bonus or free-spin outcomes.",Rare,6.73613333,95% Wilson interval: 6.6961322–6.7763561%,"Exact saved-spin mechanic, deterministic reference Monte Carlo","Must implement + E2E test official-run award, Test Run suppression and deletion behavior.",idea_run_129,,"Exact saved-spin mechanic, deterministic reference Monte Carlo",SIMULATED WITNESS; PRODUCTION TRIGGER MISSING
Proposed,Single-run challenges,No Ducks Allowed,Finish an official Daily without landing on a Duck.,Common,30.49293333,95% Wilson interval: 30.4193076–30.5666590%,"Exact saved-spin mechanic, deterministic reference Monte Carlo","Must implement + E2E test official-run award, Test Run suppression and deletion behavior.",idea_run_130,,"Exact saved-spin mechanic, deterministic reference Monte Carlo",SIMULATED WITNESS; PRODUCTION TRIGGER MISSING
Proposed,Single-run challenges,Pond Visitor,Finish an official Daily with exactly one Duck.,Common,31.83613333,95% Wilson interval: 31.7616299–31.9107298%,"Exact saved-spin mechanic, deterministic reference Monte Carlo","Must implement + E2E test official-run award, Test Run suppression and deletion behavior.",idea_run_131,,"Exact saved-spin mechanic, deterministic reference Monte Carlo",SIMULATED WITNESS; PRODUCTION TRIGGER MISSING
Proposed,Single-run challenges,Two Ducks Only,Finish an official Daily with exactly two Ducks.,Uncommon,20.18786667,95% Wilson interval: 20.1237053–20.2521807%,"Exact saved-spin mechanic, deterministic reference Monte Carlo","Must implement + E2E test official-run award, Test Run suppression and deletion behavior.",idea_run_132,,"Exact saved-spin mechanic, deterministic reference Monte Carlo",SIMULATED WITNESS; PRODUCTION TRIGGER MISSING
Proposed,Single-run challenges,No Doubling Down,Finish an official Daily without landing on ×2.,Common,53.07166667,95% Wilson interval: 52.9917934–53.1515242%,"Exact saved-spin mechanic, deterministic reference Monte Carlo","Must implement + E2E test official-run award, Test Run suppression and deletion behavior.",idea_run_133,,"Exact saved-spin mechanic, deterministic reference Monte Carlo",SIMULATED WITNESS; PRODUCTION TRIGGER MISSING
Proposed,Single-run challenges,Multiplier Minimalist,Finish an official Daily with exactly one ×2 result.,Common,31.25140000,95% Wilson interval: 31.1772698–31.3256263%,"Exact saved-spin mechanic, deterministic reference Monte Carlo","Must implement + E2E test official-run award, Test Run suppression and deletion behavior.",idea_run_134,,"Exact saved-spin mechanic, deterministic reference Monte Carlo",SIMULATED WITNESS; PRODUCTION TRIGGER MISSING
Proposed,Single-run challenges,No Upgrade Required,Finish an official Daily without landing on Upgrade.,Common,47.02593333,95% Wilson interval: 46.9460661–47.1058158%,"Exact saved-spin mechanic, deterministic reference Monte Carlo","Must implement + E2E test official-run award, Test Run suppression and deletion behavior.",idea_run_135,,"Exact saved-spin mechanic, deterministic reference Monte Carlo",SIMULATED WITNESS; PRODUCTION TRIGGER MISSING
Proposed,Single-run challenges,One Upgrade Only,Finish an official Daily with exactly one Upgrade.,Common,39.69026667,95% Wilson interval: 39.6119960–39.7685902%,"Exact saved-spin mechanic, deterministic reference Monte Carlo","Must implement + E2E test official-run award, Test Run suppression and deletion behavior.",idea_run_136,,"Exact saved-spin mechanic, deterministic reference Monte Carlo",SIMULATED WITNESS; PRODUCTION TRIGGER MISSING
Proposed,Single-run challenges,Bonus-Free Day,Finish an official Daily without landing on +2 Spins.,Common,56.09000000,95% Wilson interval: 56.0105636–56.1694052%,"Exact saved-spin mechanic, deterministic reference Monte Carlo","Must implement + E2E test official-run award, Test Run suppression and deletion behavior.",idea_run_137,,"Exact saved-spin mechanic, deterministic reference Monte Carlo",SIMULATED WITNESS; PRODUCTION TRIGGER MISSING
Proposed,Single-run challenges,One More Round,Finish an official Daily with exactly one +2 Spins result.,Uncommon,27.78246667,95% Wilson interval: 27.7108405–27.8542067%,"Exact saved-spin mechanic, deterministic reference Monte Carlo","Must implement + E2E test official-run award, Test Run suppression and deletion behavior.",idea_run_138,,"Exact saved-spin mechanic, deterministic reference Monte Carlo",SIMULATED WITNESS; PRODUCTION TRIGGER MISSING
Proposed,Single-run challenges,All Four Specials,"Land at least one Duck, ×2, Upgrade, and +2 Spins during the same official Daily.",Uncommon,11.00700000,95% Wilson interval: 10.9570131–11.0571866%,"Exact saved-spin mechanic, deterministic reference Monte Carlo","Must implement + E2E test official-run award, Test Run suppression and deletion behavior.",idea_run_139,,"Exact saved-spin mechanic, deterministic reference Monte Carlo",SIMULATED WITNESS; PRODUCTION TRIGGER MISSING
Proposed,Single-run challenges,Duck And Double,Land at least one Duck and at least one ×2 during the same official Daily.,Common,35.00660000,95% Wilson interval: 34.9303041–35.0829727%,"Exact saved-spin mechanic, deterministic reference Monte Carlo","Must implement + E2E test official-run award, Test Run suppression and deletion behavior.",idea_run_140,,"Exact saved-spin mechanic, deterministic reference Monte Carlo",SIMULATED WITNESS; PRODUCTION TRIGGER MISSING
Proposed,Single-run challenges,Duck And Upgrade,Land at least one Duck and at least one Upgrade during the same official Daily.,Common,36.83080000,95% Wilson interval: 36.7536425–36.9080250%,"Exact saved-spin mechanic, deterministic reference Monte Carlo","Must implement + E2E test official-run award, Test Run suppression and deletion behavior.",idea_run_141,,"Exact saved-spin mechanic, deterministic reference Monte Carlo",SIMULATED WITNESS; PRODUCTION TRIGGER MISSING
Proposed,Single-run challenges,Duck And Bonus,Land at least one Duck and at least one +2 Spins during the same official Daily.,Common,34.18780000,95% Wilson interval: 34.1119305–34.2637505%,"Exact saved-spin mechanic, deterministic reference Monte Carlo","Must implement + E2E test official-run award, Test Run suppression and deletion behavior.",idea_run_142,,"Exact saved-spin mechanic, deterministic reference Monte Carlo",SIMULATED WITNESS; PRODUCTION TRIGGER MISSING
Proposed,Single-run challenges,Double And Upgrade,Land at least one ×2 and at least one Upgrade during the same official Daily.,Uncommon,24.82180000,95% Wilson interval: 24.7527335–24.8909955%,"Exact saved-spin mechanic, deterministic reference Monte Carlo","Must implement + E2E test official-run award, Test Run suppression and deletion behavior.",idea_run_143,,"Exact saved-spin mechanic, deterministic reference Monte Carlo",SIMULATED WITNESS; PRODUCTION TRIGGER MISSING
Proposed,Single-run challenges,Double And Bonus,Land at least one ×2 and at least one +2 Spins during the same official Daily.,Uncommon,24.15586667,95% Wilson interval: 24.0874341–24.2244316%,"Exact saved-spin mechanic, deterministic reference Monte Carlo","Must implement + E2E test official-run award, Test Run suppression and deletion behavior.",idea_run_144,,"Exact saved-spin mechanic, deterministic reference Monte Carlo",SIMULATED WITNESS; PRODUCTION TRIGGER MISSING
Proposed,Single-run challenges,Upgrade And Bonus,Land at least one Upgrade and at least one +2 Spins during the same official Daily.,Uncommon,25.33606667,95% Wilson interval: 25.2665257–25.4057340%,"Exact saved-spin mechanic, deterministic reference Monte Carlo","Must implement + E2E test official-run award, Test Run suppression and deletion behavior.",idea_run_145,,"Exact saved-spin mechanic, deterministic reference Monte Carlo",SIMULATED WITNESS; PRODUCTION TRIGGER MISSING
Proposed,Single-run challenges,Eight Spins,Complete at least 8 total wheel spins in one official Daily.,Common,63.85993333,95% Wilson interval: 63.7830169–63.9367788%,"Exact saved-spin mechanic, deterministic reference Monte Carlo","Must implement + E2E test official-run award, Test Run suppression and deletion behavior.",idea_run_146,,"Exact saved-spin mechanic, deterministic reference Monte Carlo",SIMULATED WITNESS; PRODUCTION TRIGGER MISSING
Proposed,Single-run challenges,Ten Spins,Complete at least 10 total wheel spins in one official Daily.,Common,36.34306667,95% Wilson interval: 36.2661277–36.4200756%,"Exact saved-spin mechanic, deterministic reference Monte Carlo","Must implement + E2E test official-run award, Test Run suppression and deletion behavior.",idea_run_147,,"Exact saved-spin mechanic, deterministic reference Monte Carlo",SIMULATED WITNESS; PRODUCTION TRIGGER MISSING
Proposed,Single-run challenges,Twelve Spins,Complete at least 12 total wheel spins in one official Daily.,Uncommon,18.79746667,95% Wilson interval: 18.7350229–18.8600703%,"Exact saved-spin mechanic, deterministic reference Monte Carlo","Must implement + E2E test official-run award, Test Run suppression and deletion behavior.",idea_run_148,,"Exact saved-spin mechanic, deterministic reference Monte Carlo",SIMULATED WITNESS; PRODUCTION TRIGGER MISSING
Proposed,Single-run challenges,Odd Squad,"Land base-number 1, base-number 3, and base-number 5 at least once each during the same completed official Daily run.",Uncommon,28.99486667,95% Wilson interval: 28.9223073–29.0675336%,"Exact saved-spin mechanic, deterministic reference Monte Carlo","Must implement + E2E test official-run award, Test Run suppression and deletion behavior.",idea_run_149,,"Exact saved-spin mechanic, deterministic reference Monte Carlo",SIMULATED WITNESS; PRODUCTION TRIGGER MISSING
Proposed,Single-run challenges,One Is Enough,Land base number 1 at least once in one official Daily.,Common,92.91566667,95% Wilson interval: 92.8744980–92.9566155%,"Exact saved-spin mechanic, deterministic reference Monte Carlo","Must implement + E2E test official-run award, Test Run suppression and deletion behavior.",idea_run_150,,"Exact saved-spin mechanic, deterministic reference Monte Carlo",SIMULATED WITNESS; PRODUCTION TRIGGER MISSING
Proposed,Single-run challenges,Two by Two,Land base number 2 at least twice in one official Daily.,Common,47.81706667,95% Wilson interval: 47.7371320–47.8970125%,"Exact saved-spin mechanic, deterministic reference Monte Carlo","Must implement + E2E test official-run award, Test Run suppression and deletion behavior.",idea_run_151,,"Exact saved-spin mechanic, deterministic reference Monte Carlo",SIMULATED WITNESS; PRODUCTION TRIGGER MISSING
Proposed,Single-run challenges,Five Alive Again,Land base number 5 at least once in one official Daily.,Common,59.42233333,95% Wilson interval: 59.3437263–59.5008921%,"Exact saved-spin mechanic, deterministic reference Monte Carlo","Must implement + E2E test official-run award, Test Run suppression and deletion behavior.",idea_run_152,,"Exact saved-spin mechanic, deterministic reference Monte Carlo",SIMULATED WITNESS; PRODUCTION TRIGGER MISSING
Proposed,Single-run challenges,Triple Three,Land base number 3 at least three times in one official Daily.,Epic,4.90453333,95% Wilson interval: 4.8700874–4.9392102%,"Exact saved-spin mechanic, deterministic reference Monte Carlo","Must implement + E2E test official-run award, Test Run suppression and deletion behavior.",idea_run_153,,"Exact saved-spin mechanic, deterministic reference Monte Carlo",SIMULATED WITNESS; PRODUCTION TRIGGER MISSING
Proposed,Single-run challenges,No Ones,Finish an official Daily without landing on base number 1.,Rare,7.08433333,95% Wilson interval: 7.0433845–7.1255020%,"Exact saved-spin mechanic, deterministic reference Monte Carlo","Must implement + E2E test official-run award, Test Run suppression and deletion behavior.",idea_run_154,,"Exact saved-spin mechanic, deterministic reference Monte Carlo",SIMULATED WITNESS; PRODUCTION TRIGGER MISSING
Proposed,Single-run challenges,All Ones,Land on base number 1 at least five times during one official Daily (not necessarily consecutive).,Epic,3.95640000,95% Wilson interval: 3.9253220–3.9877138%,"Exact saved-spin mechanic, deterministic reference Monte Carlo","Must implement + E2E test official-run award, Test Run suppression and deletion behavior.",idea_run_155,,"Exact saved-spin mechanic, deterministic reference Monte Carlo",SIMULATED WITNESS; PRODUCTION TRIGGER MISSING
Proposed,Single-run challenges,Four of a Kind,Land the same base number on four consecutive numerical spins in one official Daily.,Rare,6.98133333,95% Wilson interval: 6.9406618–7.0222252%,"Exact saved-spin mechanic, deterministic reference Monte Carlo","Must implement + E2E test official-run award, Test Run suppression and deletion behavior.",idea_run_156,,"Exact saved-spin mechanic, deterministic reference Monte Carlo",SIMULATED WITNESS; PRODUCTION TRIGGER MISSING
Proposed,Single-run challenges,Quite a Turnaround,"After at least one Upgrade, land a numerical spin worth 15 or more points.",Common,35.26333333,95% Wilson interval: 35.1869089–35.3398333%,"Exact saved-spin mechanic, deterministic reference Monte Carlo","Must implement + E2E test official-run award, Test Run suppression and deletion behavior.",idea_run_157,,"Exact saved-spin mechanic, deterministic reference Monte Carlo",SIMULATED WITNESS; PRODUCTION TRIGGER MISSING
Proposed,Single-run challenges,Big Single Hit,Land a single numerical spin worth at least 30 points in one official Daily.,Uncommon,13.22220000,95% Wilson interval: 13.1680858–13.2765026%,"Exact saved-spin mechanic, deterministic reference Monte Carlo","Must implement + E2E test official-run award, Test Run suppression and deletion behavior.",idea_run_158,,"Exact saved-spin mechanic, deterministic reference Monte Carlo",SIMULATED WITNESS; PRODUCTION TRIGGER MISSING
Proposed — revised,Lifetime milestones,Welcome Back,Complete at least 1 official Daily runs over your account lifetime; Test Runs excluded.,Common,,Not statistically measurable from wheel simulation,Conditional on completing one Daily every day; days≈milestone / measured mean per Daily,"Requires authoritative history computation; deletion/reversal, Test Run and backfill tests.",idea_lifetime_159,1.0,Conditional on completing one Daily every day; days≈milestone / measured mean per Daily,LOGICALLY ACHIEVABLE; CUMULATIVE TRIGGER MISSING
Proposed — revised,Lifetime milestones,First Week,Complete at least 7 official Daily runs over your account lifetime; Test Runs excluded.,Common,,Not statistically measurable from wheel simulation,Conditional on completing one Daily every day; days≈milestone / measured mean per Daily,"Requires authoritative history computation; deletion/reversal, Test Run and backfill tests.",idea_lifetime_160,7.0,Conditional on completing one Daily every day; days≈milestone / measured mean per Daily,LOGICALLY ACHIEVABLE; CUMULATIVE TRIGGER MISSING
Proposed — revised,Lifetime milestones,Daily Explorer,Complete at least 25 official Daily runs over your account lifetime; Test Runs excluded.,Uncommon,,Not statistically measurable from wheel simulation,Conditional on completing one Daily every day; days≈milestone / measured mean per Daily,"Requires authoritative history computation; deletion/reversal, Test Run and backfill tests.",idea_lifetime_161,25.0,Conditional on completing one Daily every day; days≈milestone / measured mean per Daily,LOGICALLY ACHIEVABLE; CUMULATIVE TRIGGER MISSING
Proposed — revised,Lifetime milestones,Monthly Regular,Complete at least 60 official Daily runs over your account lifetime; Test Runs excluded.,Rare,,Not statistically measurable from wheel simulation,Conditional on completing one Daily every day; days≈milestone / measured mean per Daily,"Requires authoritative history computation; deletion/reversal, Test Run and backfill tests.",idea_lifetime_162,60.0,Conditional on completing one Daily every day; days≈milestone / measured mean per Daily,LOGICALLY ACHIEVABLE; CUMULATIVE TRIGGER MISSING
Proposed — revised,Lifetime milestones,Getting Serious,Complete at least 120 official Daily runs over your account lifetime; Test Runs excluded.,Epic,,Not statistically measurable from wheel simulation,Conditional on completing one Daily every day; days≈milestone / measured mean per Daily,"Requires authoritative history computation; deletion/reversal, Test Run and backfill tests.",idea_lifetime_163,120.0,Conditional on completing one Daily every day; days≈milestone / measured mean per Daily,LOGICALLY ACHIEVABLE; CUMULATIVE TRIGGER MISSING
Proposed — revised,Lifetime milestones,Two Hundred Club,Complete at least 200 official Daily runs over your account lifetime; Test Runs excluded.,Anomaly,,Not statistically measurable from wheel simulation,Conditional on completing one Daily every day; days≈milestone / measured mean per Daily,"Requires authoritative history computation; deletion/reversal, Test Run and backfill tests.",idea_lifetime_164,200.0,Conditional on completing one Daily every day; days≈milestone / measured mean per Daily,LOGICALLY ACHIEVABLE; CUMULATIVE TRIGGER MISSING
Proposed — revised,Lifetime milestones,Three Hundred Strong,Complete at least 300 official Daily runs over your account lifetime; Test Runs excluded.,Anomaly,,Not statistically measurable from wheel simulation,Conditional on completing one Daily every day; days≈milestone / measured mean per Daily,"Requires authoritative history computation; deletion/reversal, Test Run and backfill tests.",idea_lifetime_165,300.0,Conditional on completing one Daily every day; days≈milestone / measured mean per Daily,LOGICALLY ACHIEVABLE; CUMULATIVE TRIGGER MISSING
Proposed — revised,Lifetime milestones,Four Fifty,Complete at least 450 official Daily runs over your account lifetime; Test Runs excluded.,Mythic,,Not statistically measurable from wheel simulation,Conditional on completing one Daily every day; days≈milestone / measured mean per Daily,"Requires authoritative history computation; deletion/reversal, Test Run and backfill tests.",idea_lifetime_166,450.0,Conditional on completing one Daily every day; days≈milestone / measured mean per Daily,LOGICALLY ACHIEVABLE; CUMULATIVE TRIGGER MISSING
Proposed — revised,Lifetime milestones,Six Fifty,Complete at least 650 official Daily runs over your account lifetime; Test Runs excluded.,Mythic,,Not statistically measurable from wheel simulation,Conditional on completing one Daily every day; days≈milestone / measured mean per Daily,"Requires authoritative history computation; deletion/reversal, Test Run and backfill tests.",idea_lifetime_167,650.0,Conditional on completing one Daily every day; days≈milestone / measured mean per Daily,LOGICALLY ACHIEVABLE; CUMULATIVE TRIGGER MISSING
Proposed — revised,Lifetime milestones,The Thousandth Spin,Complete at least 1000 official Daily runs over your account lifetime; Test Runs excluded.,Mythic,,Not statistically measurable from wheel simulation,Conditional on completing one Daily every day; days≈milestone / measured mean per Daily,"Requires authoritative history computation; deletion/reversal, Test Run and backfill tests.",idea_lifetime_168,1000.0,Conditional on completing one Daily every day; days≈milestone / measured mean per Daily,LOGICALLY ACHIEVABLE; CUMULATIVE TRIGGER MISSING
Proposed — revised,Lifetime milestones,First Quack,Land 1 or more Duck results across completed official Daily runs; Test Runs excluded.,Common,,Not statistically measurable from wheel simulation,Conditional on completing one Daily every day; days≈milestone / measured mean per Daily,"Requires authoritative history computation; deletion/reversal, Test Run and backfill tests.",idea_lifetime_169,0.7,Conditional on completing one Daily every day; days≈milestone / measured mean per Daily,LOGICALLY ACHIEVABLE; CUMULATIVE TRIGGER MISSING
Proposed — revised,Lifetime milestones,Pond Regular,Land 25 or more Duck results across completed official Daily runs; Test Runs excluded.,Uncommon,,Not statistically measurable from wheel simulation,Conditional on completing one Daily every day; days≈milestone / measured mean per Daily,"Requires authoritative history computation; deletion/reversal, Test Run and backfill tests.",idea_lifetime_170,18.3,Conditional on completing one Daily every day; days≈milestone / measured mean per Daily,LOGICALLY ACHIEVABLE; CUMULATIVE TRIGGER MISSING
Proposed — revised,Lifetime milestones,Duck Enthusiast,Land 75 or more Duck results across completed official Daily runs; Test Runs excluded.,Rare,,Not statistically measurable from wheel simulation,Conditional on completing one Daily every day; days≈milestone / measured mean per Daily,"Requires authoritative history computation; deletion/reversal, Test Run and backfill tests.",idea_lifetime_171,54.9,Conditional on completing one Daily every day; days≈milestone / measured mean per Daily,LOGICALLY ACHIEVABLE; CUMULATIVE TRIGGER MISSING
Proposed — revised,Lifetime milestones,Flock Collector,Land 150 or more Duck results across completed official Daily runs; Test Runs excluded.,Epic,,Not statistically measurable from wheel simulation,Conditional on completing one Daily every day; days≈milestone / measured mean per Daily,"Requires authoritative history computation; deletion/reversal, Test Run and backfill tests.",idea_lifetime_172,109.8,Conditional on completing one Daily every day; days≈milestone / measured mean per Daily,LOGICALLY ACHIEVABLE; CUMULATIVE TRIGGER MISSING
Proposed — revised,Lifetime milestones,Duck Dynasty,Land 300 or more Duck results across completed official Daily runs; Test Runs excluded.,Anomaly,,Not statistically measurable from wheel simulation,Conditional on completing one Daily every day; days≈milestone / measured mean per Daily,"Requires authoritative history computation; deletion/reversal, Test Run and backfill tests.",idea_lifetime_173,219.6,Conditional on completing one Daily every day; days≈milestone / measured mean per Daily,LOGICALLY ACHIEVABLE; CUMULATIVE TRIGGER MISSING
Proposed — revised,Lifetime milestones,First Double,Land 1 or more ×2 results across completed official Daily runs; Test Runs excluded.,Common,,Not statistically measurable from wheel simulation,Conditional on completing one Daily every day; days≈milestone / measured mean per Daily,"Requires authoritative history computation; deletion/reversal, Test Run and backfill tests.",idea_lifetime_174,1.5,Conditional on completing one Daily every day; days≈milestone / measured mean per Daily,LOGICALLY ACHIEVABLE; CUMULATIVE TRIGGER MISSING
Proposed — revised,Lifetime milestones,Double Digits,Land 15 or more ×2 results across completed official Daily runs; Test Runs excluded.,Uncommon,,Not statistically measurable from wheel simulation,Conditional on completing one Daily every day; days≈milestone / measured mean per Daily,"Requires authoritative history computation; deletion/reversal, Test Run and backfill tests.",idea_lifetime_175,21.9,Conditional on completing one Daily every day; days≈milestone / measured mean per Daily,LOGICALLY ACHIEVABLE; CUMULATIVE TRIGGER MISSING
Proposed — revised,Lifetime milestones,Compound Interest,Land 50 or more ×2 results across completed official Daily runs; Test Runs excluded.,Rare,,Not statistically measurable from wheel simulation,Conditional on completing one Daily every day; days≈milestone / measured mean per Daily,"Requires authoritative history computation; deletion/reversal, Test Run and backfill tests.",idea_lifetime_176,73.1,Conditional on completing one Daily every day; days≈milestone / measured mean per Daily,LOGICALLY ACHIEVABLE; CUMULATIVE TRIGGER MISSING
Proposed — revised,Lifetime milestones,Multiplier Veteran,Land 100 or more ×2 results across completed official Daily runs; Test Runs excluded.,Epic,,Not statistically measurable from wheel simulation,Conditional on completing one Daily every day; days≈milestone / measured mean per Daily,"Requires authoritative history computation; deletion/reversal, Test Run and backfill tests.",idea_lifetime_177,146.3,Conditional on completing one Daily every day; days≈milestone / measured mean per Daily,LOGICALLY ACHIEVABLE; CUMULATIVE TRIGGER MISSING
Proposed — revised,Lifetime milestones,Master of Doubles,Land 200 or more ×2 results across completed official Daily runs; Test Runs excluded.,Anomaly,,Not statistically measurable from wheel simulation,Conditional on completing one Daily every day; days≈milestone / measured mean per Daily,"Requires authoritative history computation; deletion/reversal, Test Run and backfill tests.",idea_lifetime_178,292.5,Conditional on completing one Daily every day; days≈milestone / measured mean per Daily,LOGICALLY ACHIEVABLE; CUMULATIVE TRIGGER MISSING
Proposed — revised,Lifetime milestones,Freebie,Land 1 or more +2 Spins results across completed official Daily runs; Test Runs excluded.,Common,,Not statistically measurable from wheel simulation,Conditional on completing one Daily every day; days≈milestone / measured mean per Daily,"Requires authoritative history computation; deletion/reversal, Test Run and backfill tests.",idea_lifetime_179,1.5,Conditional on completing one Daily every day; days≈milestone / measured mean per Daily,LOGICALLY ACHIEVABLE; CUMULATIVE TRIGGER MISSING
Proposed — revised,Lifetime milestones,Bonus Collector,Land 15 or more +2 Spins results across completed official Daily runs; Test Runs excluded.,Uncommon,,Not statistically measurable from wheel simulation,Conditional on completing one Daily every day; days≈milestone / measured mean per Daily,"Requires authoritative history computation; deletion/reversal, Test Run and backfill tests.",idea_lifetime_180,22.0,Conditional on completing one Daily every day; days≈milestone / measured mean per Daily,LOGICALLY ACHIEVABLE; CUMULATIVE TRIGGER MISSING
Proposed — revised,Lifetime milestones,Second Wind Society,Land 50 or more +2 Spins results across completed official Daily runs; Test Runs excluded.,Rare,,Not statistically measurable from wheel simulation,Conditional on completing one Daily every day; days≈milestone / measured mean per Daily,"Requires authoritative history computation; deletion/reversal, Test Run and backfill tests.",idea_lifetime_181,73.2,Conditional on completing one Daily every day; days≈milestone / measured mean per Daily,LOGICALLY ACHIEVABLE; CUMULATIVE TRIGGER MISSING
Proposed — revised,Lifetime milestones,Overtime Veteran,Land 100 or more +2 Spins results across completed official Daily runs; Test Runs excluded.,Epic,,Not statistically measurable from wheel simulation,Conditional on completing one Daily every day; days≈milestone / measured mean per Daily,"Requires authoritative history computation; deletion/reversal, Test Run and backfill tests.",idea_lifetime_182,146.4,Conditional on completing one Daily every day; days≈milestone / measured mean per Daily,LOGICALLY ACHIEVABLE; CUMULATIVE TRIGGER MISSING
Proposed — revised,Lifetime milestones,Endless Encore,Land 200 or more +2 Spins results across completed official Daily runs; Test Runs excluded.,Anomaly,,Not statistically measurable from wheel simulation,Conditional on completing one Daily every day; days≈milestone / measured mean per Daily,"Requires authoritative history computation; deletion/reversal, Test Run and backfill tests.",idea_lifetime_183,292.8,Conditional on completing one Daily every day; days≈milestone / measured mean per Daily,LOGICALLY ACHIEVABLE; CUMULATIVE TRIGGER MISSING
Proposed — revised,Lifetime milestones,First Evolution,Land 1 or more Upgrade results across completed official Daily runs; Test Runs excluded.,Common,,Not statistically measurable from wheel simulation,Conditional on completing one Daily every day; days≈milestone / measured mean per Daily,"Requires authoritative history computation; deletion/reversal, Test Run and backfill tests.",idea_lifetime_184,1.5,Conditional on completing one Daily every day; days≈milestone / measured mean per Daily,LOGICALLY ACHIEVABLE; CUMULATIVE TRIGGER MISSING
Proposed — revised,Lifetime milestones,Upgrade Regular,Land 15 or more Upgrade results across completed official Daily runs; Test Runs excluded.,Uncommon,,Not statistically measurable from wheel simulation,Conditional on completing one Daily every day; days≈milestone / measured mean per Daily,"Requires authoritative history computation; deletion/reversal, Test Run and backfill tests.",idea_lifetime_185,22.0,Conditional on completing one Daily every day; days≈milestone / measured mean per Daily,LOGICALLY ACHIEVABLE; CUMULATIVE TRIGGER MISSING
Proposed — revised,Lifetime milestones,Evolving Fast,Land 50 or more Upgrade results across completed official Daily runs; Test Runs excluded.,Rare,,Not statistically measurable from wheel simulation,Conditional on completing one Daily every day; days≈milestone / measured mean per Daily,"Requires authoritative history computation; deletion/reversal, Test Run and backfill tests.",idea_lifetime_186,73.2,Conditional on completing one Daily every day; days≈milestone / measured mean per Daily,LOGICALLY ACHIEVABLE; CUMULATIVE TRIGGER MISSING
Proposed — revised,Lifetime milestones,Upgrade Specialist,Land 100 or more Upgrade results across completed official Daily runs; Test Runs excluded.,Epic,,Not statistically measurable from wheel simulation,Conditional on completing one Daily every day; days≈milestone / measured mean per Daily,"Requires authoritative history computation; deletion/reversal, Test Run and backfill tests.",idea_lifetime_187,146.4,Conditional on completing one Daily every day; days≈milestone / measured mean per Daily,LOGICALLY ACHIEVABLE; CUMULATIVE TRIGGER MISSING
Proposed — revised,Lifetime milestones,Fully Evolved,Land 200 or more Upgrade results across completed official Daily runs; Test Runs excluded.,Anomaly,,Not statistically measurable from wheel simulation,Conditional on completing one Daily every day; days≈milestone / measured mean per Daily,"Requires authoritative history computation; deletion/reversal, Test Run and backfill tests.",idea_lifetime_188,292.8,Conditional on completing one Daily every day; days≈milestone / measured mean per Daily,LOGICALLY ACHIEVABLE; CUMULATIVE TRIGGER MISSING
Proposed — revised,Lifetime milestones,Wheel Historian 25,Accumulate at least 25 actual wheel spins across completed official Daily runs; Test Runs excluded.,Common,,Not statistically measurable from wheel simulation,Conditional on completing one Daily every day; days≈milestone / measured mean per Daily,"Requires authoritative history computation; deletion/reversal, Test Run and backfill tests.",idea_lifetime_189,2.7,Conditional on completing one Daily every day; days≈milestone / measured mean per Daily,LOGICALLY ACHIEVABLE; CUMULATIVE TRIGGER MISSING
Proposed — revised,Lifetime milestones,First Hundred Spins,Accumulate at least 100 actual wheel spins across completed official Daily runs; Test Runs excluded.,Uncommon,,Not statistically measurable from wheel simulation,Conditional on completing one Daily every day; days≈milestone / measured mean per Daily,"Requires authoritative history computation; deletion/reversal, Test Run and backfill tests.",idea_lifetime_190,11.0,Conditional on completing one Daily every day; days≈milestone / measured mean per Daily,LOGICALLY ACHIEVABLE; CUMULATIVE TRIGGER MISSING
Proposed — revised,Lifetime milestones,Wheel Historian 350,Accumulate at least 350 actual wheel spins across completed official Daily runs; Test Runs excluded.,Rare,,Not statistically measurable from wheel simulation,Conditional on completing one Daily every day; days≈milestone / measured mean per Daily,"Requires authoritative history computation; deletion/reversal, Test Run and backfill tests.",idea_lifetime_191,38.5,Conditional on completing one Daily every day; days≈milestone / measured mean per Daily,LOGICALLY ACHIEVABLE; CUMULATIVE TRIGGER MISSING
Proposed — revised,Lifetime milestones,Wheel Historian 900,Accumulate at least 900 actual wheel spins across completed official Daily runs; Test Runs excluded.,Epic,,Not statistically measurable from wheel simulation,Conditional on completing one Daily every day; days≈milestone / measured mean per Daily,"Requires authoritative history computation; deletion/reversal, Test Run and backfill tests.",idea_lifetime_192,98.9,Conditional on completing one Daily every day; days≈milestone / measured mean per Daily,LOGICALLY ACHIEVABLE; CUMULATIVE TRIGGER MISSING
Proposed — revised,Lifetime milestones,Wheel Historian 2000,Accumulate at least 2000 actual wheel spins across completed official Daily runs; Test Runs excluded.,Anomaly,,Not statistically measurable from wheel simulation,Conditional on completing one Daily every day; days≈milestone / measured mean per Daily,"Requires authoritative history computation; deletion/reversal, Test Run and backfill tests.",idea_lifetime_193,219.8,Conditional on completing one Daily every day; days≈milestone / measured mean per Daily,LOGICALLY ACHIEVABLE; CUMULATIVE TRIGGER MISSING
Proposed — revised,Daily streaks,See You Tomorrow,Complete 2 consecutive Crilo Daily periods without a missed period; only official Daily runs count.,Common,,Not statistically measurable from wheel simulation,Minimum uninterrupted official Daily periods (requires perfect attendance),"Requires authoritative history computation; deletion/reversal, Test Run and backfill tests.",idea_daily_streak_2,2.0,Minimum uninterrupted official Daily periods (requires perfect attendance),LOGICALLY ACHIEVABLE; CUMULATIVE TRIGGER MISSING
Proposed — revised,Daily streaks,Five-Day Habit,Complete 5 consecutive Crilo Daily periods without a missed period; only official Daily runs count.,Common,,Not statistically measurable from wheel simulation,Minimum uninterrupted official Daily periods (requires perfect attendance),"Requires authoritative history computation; deletion/reversal, Test Run and backfill tests.",idea_daily_streak_3,5.0,Minimum uninterrupted official Daily periods (requires perfect attendance),LOGICALLY ACHIEVABLE; CUMULATIVE TRIGGER MISSING
Proposed — revised,Daily streaks,Ten-Day Orbit,Complete 10 consecutive Crilo Daily periods without a missed period; only official Daily runs count.,Uncommon,,Not statistically measurable from wheel simulation,Minimum uninterrupted official Daily periods (requires perfect attendance),"Requires authoritative history computation; deletion/reversal, Test Run and backfill tests.",idea_daily_streak_4,10.0,Minimum uninterrupted official Daily periods (requires perfect attendance),LOGICALLY ACHIEVABLE; CUMULATIVE TRIGGER MISSING
Proposed — revised,Daily streaks,Twenty Straight,Complete 20 consecutive Crilo Daily periods without a missed period; only official Daily runs count.,Uncommon,,Not statistically measurable from wheel simulation,Minimum uninterrupted official Daily periods (requires perfect attendance),"Requires authoritative history computation; deletion/reversal, Test Run and backfill tests.",idea_daily_streak_5,20.0,Minimum uninterrupted official Daily periods (requires perfect attendance),LOGICALLY ACHIEVABLE; CUMULATIVE TRIGGER MISSING
Proposed — revised,Daily streaks,Thirty-Five Straight,Complete 35 consecutive Crilo Daily periods without a missed period; only official Daily runs count.,Rare,,Not statistically measurable from wheel simulation,Minimum uninterrupted official Daily periods (requires perfect attendance),"Requires authoritative history computation; deletion/reversal, Test Run and backfill tests.",idea_daily_streak_6,35.0,Minimum uninterrupted official Daily periods (requires perfect attendance),LOGICALLY ACHIEVABLE; CUMULATIVE TRIGGER MISSING
Proposed — revised,Daily streaks,Fifty Straight,Complete 50 consecutive Crilo Daily periods without a missed period; only official Daily runs count.,Rare,,Not statistically measurable from wheel simulation,Minimum uninterrupted official Daily periods (requires perfect attendance),"Requires authoritative history computation; deletion/reversal, Test Run and backfill tests.",idea_daily_streak_7,50.0,Minimum uninterrupted official Daily periods (requires perfect attendance),LOGICALLY ACHIEVABLE; CUMULATIVE TRIGGER MISSING
Proposed — revised,Daily streaks,Seventy-Five Straight,Complete 75 consecutive Crilo Daily periods without a missed period; only official Daily runs count.,Rare,,Not statistically measurable from wheel simulation,Minimum uninterrupted official Daily periods (requires perfect attendance),"Requires authoritative history computation; deletion/reversal, Test Run and backfill tests.",idea_daily_streak_10,75.0,Minimum uninterrupted official Daily periods (requires perfect attendance),LOGICALLY ACHIEVABLE; CUMULATIVE TRIGGER MISSING
Proposed — revised,Daily streaks,Centurion Streak,Complete 100 consecutive Crilo Daily periods without a missed period; only official Daily runs count.,Epic,,Not statistically measurable from wheel simulation,Minimum uninterrupted official Daily periods (requires perfect attendance),"Requires authoritative history computation; deletion/reversal, Test Run and backfill tests.",idea_daily_streak_14,100.0,Minimum uninterrupted official Daily periods (requires perfect attendance),LOGICALLY ACHIEVABLE; CUMULATIVE TRIGGER MISSING
Proposed — revised,Daily streaks,Five Months Straight,Complete 150 consecutive Crilo Daily periods without a missed period; only official Daily runs count.,Epic,,Not statistically measurable from wheel simulation,Minimum uninterrupted official Daily periods (requires perfect attendance),"Requires authoritative history computation; deletion/reversal, Test Run and backfill tests.",idea_daily_streak_21,150.0,Minimum uninterrupted official Daily periods (requires perfect attendance),LOGICALLY ACHIEVABLE; CUMULATIVE TRIGGER MISSING
Proposed — revised,Daily streaks,Two Hundred Straight,Complete 200 consecutive Crilo Daily periods without a missed period; only official Daily runs count.,Anomaly,,Not statistically measurable from wheel simulation,Minimum uninterrupted official Daily periods (requires perfect attendance),"Requires authoritative history computation; deletion/reversal, Test Run and backfill tests.",idea_daily_streak_30,200.0,Minimum uninterrupted official Daily periods (requires perfect attendance),LOGICALLY ACHIEVABLE; CUMULATIVE TRIGGER MISSING
Proposed — revised,Daily streaks,Three Hundred Straight,Complete 300 consecutive Crilo Daily periods without a missed period; only official Daily runs count.,Anomaly,,Not statistically measurable from wheel simulation,Minimum uninterrupted official Daily periods (requires perfect attendance),"Requires authoritative history computation; deletion/reversal, Test Run and backfill tests.",idea_daily_streak_45,300.0,Minimum uninterrupted official Daily periods (requires perfect attendance),LOGICALLY ACHIEVABLE; CUMULATIVE TRIGGER MISSING
Proposed — revised,Daily streaks,Four Hundred Straight,Complete 400 consecutive Crilo Daily periods without a missed period; only official Daily runs count.,Mythic,,Not statistically measurable from wheel simulation,Minimum uninterrupted official Daily periods (requires perfect attendance),"Requires authoritative history computation; deletion/reversal, Test Run and backfill tests.",idea_daily_streak_60,400.0,Minimum uninterrupted official Daily periods (requires perfect attendance),LOGICALLY ACHIEVABLE; CUMULATIVE TRIGGER MISSING
Proposed — revised,Daily streaks,Five Hundred Straight,Complete 500 consecutive Crilo Daily periods without a missed period; only official Daily runs count.,Mythic,,Not statistically measurable from wheel simulation,Minimum uninterrupted official Daily periods (requires perfect attendance),"Requires authoritative history computation; deletion/reversal, Test Run and backfill tests.",idea_daily_streak_90,500.0,Minimum uninterrupted official Daily periods (requires perfect attendance),LOGICALLY ACHIEVABLE; CUMULATIVE TRIGGER MISSING
Proposed — revised,Daily streaks,Six Fifty Straight,Complete 650 consecutive Crilo Daily periods without a missed period; only official Daily runs count.,Mythic,,Not statistically measurable from wheel simulation,Minimum uninterrupted official Daily periods (requires perfect attendance),"Requires authoritative history computation; deletion/reversal, Test Run and backfill tests.",idea_daily_streak_120,650.0,Minimum uninterrupted official Daily periods (requires perfect attendance),LOGICALLY ACHIEVABLE; CUMULATIVE TRIGGER MISSING
Proposed — revised,Daily streaks,The Thousand-Day Streak,Complete 1000 consecutive Crilo Daily periods without a missed period; only official Daily runs count.,Mythic,,Not statistically measurable from wheel simulation,Minimum uninterrupted official Daily periods (requires perfect attendance),"Requires authoritative history computation; deletion/reversal, Test Run and backfill tests.",idea_daily_streak_180,1000.0,Minimum uninterrupted official Daily periods (requires perfect attendance),LOGICALLY ACHIEVABLE; CUMULATIVE TRIGGER MISSING
Proposed,Leaderboard,First Appearance,Finish any completed Daily in the public Top 100 for that Daily period.,Rare,,Not statistically measurable from wheel simulation,Cannot calculate population-dependent rank odds from wheel simulation,"Requires finalized leaderboard rank snapshots, multi-player tests and population/retention data to quantify rarity.",idea_rank_209,,Cannot calculate population-dependent rank odds from wheel simulation,CONDITIONAL ON PLAYER POPULATION; TRACKING MISSING
Proposed,Leaderboard,Top Fifty,Finish any Daily within Top 50.,Rare,,Not statistically measurable from wheel simulation,Cannot calculate population-dependent rank odds from wheel simulation,"Requires finalized leaderboard rank snapshots, multi-player tests and population/retention data to quantify rarity.",idea_rank_210,,Cannot calculate population-dependent rank odds from wheel simulation,CONDITIONAL ON PLAYER POPULATION; TRACKING MISSING
Proposed,Leaderboard,Top Twenty-Five,Finish any Daily within Top 25.,Epic,,Not statistically measurable from wheel simulation,Cannot calculate population-dependent rank odds from wheel simulation,"Requires finalized leaderboard rank snapshots, multi-player tests and population/retention data to quantify rarity.",idea_rank_211,,Cannot calculate population-dependent rank odds from wheel simulation,CONDITIONAL ON PLAYER POPULATION; TRACKING MISSING
Proposed,Leaderboard,Top Ten Ticket,Finish any Daily within Top 10.,Epic,,Not statistically measurable from wheel simulation,Cannot calculate population-dependent rank odds from wheel simulation,"Requires finalized leaderboard rank snapshots, multi-player tests and population/retention data to quantify rarity.",idea_rank_212,,Cannot calculate population-dependent rank odds from wheel simulation,CONDITIONAL ON PLAYER POPULATION; TRACKING MISSING
Proposed,Leaderboard,Top Five Club,Finish any Daily within Top 5.,Anomaly,,Not statistically measurable from wheel simulation,Cannot calculate population-dependent rank odds from wheel simulation,"Requires finalized leaderboard rank snapshots, multi-player tests and population/retention data to quantify rarity.",idea_rank_213,,Cannot calculate population-dependent rank odds from wheel simulation,CONDITIONAL ON PLAYER POPULATION; TRACKING MISSING
Proposed,Leaderboard,On the Podium,Finish any Daily within Top 3.,Mythic,,Not statistically measurable from wheel simulation,Cannot calculate population-dependent rank odds from wheel simulation,"Requires finalized leaderboard rank snapshots, multi-player tests and population/retention data to quantify rarity.",idea_rank_214,,Cannot calculate population-dependent rank odds from wheel simulation,CONDITIONAL ON PLAYER POPULATION; TRACKING MISSING
Proposed,Leaderboard,Runner Up,Finish any Daily at #2.,Mythic,,Not statistically measurable from wheel simulation,Cannot calculate population-dependent rank odds from wheel simulation,"Requires finalized leaderboard rank snapshots, multi-player tests and population/retention data to quantify rarity.",idea_rank_215,,Cannot calculate population-dependent rank odds from wheel simulation,CONDITIONAL ON PLAYER POPULATION; TRACKING MISSING
Proposed,Leaderboard,Bronze Day,Finish any Daily at #3.,Mythic,,Not statistically measurable from wheel simulation,Cannot calculate population-dependent rank odds from wheel simulation,"Requires finalized leaderboard rank snapshots, multi-player tests and population/retention data to quantify rarity.",idea_rank_216,,Cannot calculate population-dependent rank odds from wheel simulation,CONDITIONAL ON PLAYER POPULATION; TRACKING MISSING
Proposed,Leaderboard,Daily Champion,Finish any Daily at #1.,Mythic,,Not statistically measurable from wheel simulation,Cannot calculate population-dependent rank odds from wheel simulation,"Requires finalized leaderboard rank snapshots, multi-player tests and population/retention data to quantify rarity.",idea_rank_217,,Cannot calculate population-dependent rank odds from wheel simulation,CONDITIONAL ON PLAYER POPULATION; TRACKING MISSING
Proposed,Leaderboard,Twice on the Board,Finish within Top 100 on 2 distinct Daily periods.,Epic,,Not statistically measurable from wheel simulation,Cannot calculate population-dependent rank odds from wheel simulation,"Requires finalized leaderboard rank snapshots, multi-player tests and population/retention data to quantify rarity.",idea_rank_218,,Cannot calculate population-dependent rank odds from wheel simulation,CONDITIONAL ON PLAYER POPULATION; TRACKING MISSING
Proposed,Leaderboard,Five Appearances,Finish within Top 100 on 5 distinct Daily periods.,Epic,,Not statistically measurable from wheel simulation,Cannot calculate population-dependent rank odds from wheel simulation,"Requires finalized leaderboard rank snapshots, multi-player tests and population/retention data to quantify rarity.",idea_rank_219,,Cannot calculate population-dependent rank odds from wheel simulation,CONDITIONAL ON PLAYER POPULATION; TRACKING MISSING
Proposed,Leaderboard,Ten Appearances,Finish within Top 100 on 10 distinct Daily periods.,Epic,,Not statistically measurable from wheel simulation,Cannot calculate population-dependent rank odds from wheel simulation,"Requires finalized leaderboard rank snapshots, multi-player tests and population/retention data to quantify rarity.",idea_rank_220,,Cannot calculate population-dependent rank odds from wheel simulation,CONDITIONAL ON PLAYER POPULATION; TRACKING MISSING
Proposed,Leaderboard,Repeat Top Ten,Finish within Top 10 on 2 distinct Daily periods.,Epic,,Not statistically measurable from wheel simulation,Cannot calculate population-dependent rank odds from wheel simulation,"Requires finalized leaderboard rank snapshots, multi-player tests and population/retention data to quantify rarity.",idea_rank_221,,Cannot calculate population-dependent rank odds from wheel simulation,CONDITIONAL ON PLAYER POPULATION; TRACKING MISSING
Proposed,Leaderboard,Five Top Tens,Finish within Top 10 on 5 distinct Daily periods.,Anomaly,,Not statistically measurable from wheel simulation,Cannot calculate population-dependent rank odds from wheel simulation,"Requires finalized leaderboard rank snapshots, multi-player tests and population/retention data to quantify rarity.",idea_rank_222,,Cannot calculate population-dependent rank odds from wheel simulation,CONDITIONAL ON PLAYER POPULATION; TRACKING MISSING
Proposed,Leaderboard,Double Crown,Finish at #1 on 2 distinct Daily periods.,Mythic,,Not statistically measurable from wheel simulation,Cannot calculate population-dependent rank odds from wheel simulation,"Requires finalized leaderboard rank snapshots, multi-player tests and population/retention data to quantify rarity.",idea_rank_223,,Cannot calculate population-dependent rank odds from wheel simulation,CONDITIONAL ON PLAYER POPULATION; TRACKING MISSING
Proposed,Social,First Friend,Have at least one accepted mutual Crilo friendship.,Common,,Not statistically measurable from wheel simulation,"Depends on voluntary accepted friends, participation and population, not wheel RNG","Requires friend_request activity and official-score joins, revocation, privacy and delete tests.",idea_social_224,,"Depends on voluntary accepted friends, participation and population, not wheel RNG",CONDITIONAL ON OTHER USERS; TRACKING MISSING
Proposed,Social,Three Is Company,Have at least 3 accepted mutual Crilo friendships.,Uncommon,,Not statistically measurable from wheel simulation,"Depends on voluntary accepted friends, participation and population, not wheel RNG","Requires friend_request activity and official-score joins, revocation, privacy and delete tests.",idea_social_225,,"Depends on voluntary accepted friends, participation and population, not wheel RNG",CONDITIONAL ON OTHER USERS; TRACKING MISSING
Proposed,Social,Five Friends,Have at least 5 accepted mutual Crilo friendships.,Rare,,Not statistically measurable from wheel simulation,"Depends on voluntary accepted friends, participation and population, not wheel RNG","Requires friend_request activity and official-score joins, revocation, privacy and delete tests.",idea_social_226,,"Depends on voluntary accepted friends, participation and population, not wheel RNG",CONDITIONAL ON OTHER USERS; TRACKING MISSING
Proposed,Social,Ten Friends,Have at least 10 accepted mutual Crilo friendships.,Epic,,Not statistically measurable from wheel simulation,"Depends on voluntary accepted friends, participation and population, not wheel RNG","Requires friend_request activity and official-score joins, revocation, privacy and delete tests.",idea_social_227,,"Depends on voluntary accepted friends, participation and population, not wheel RNG",CONDITIONAL ON OTHER USERS; TRACKING MISSING
Proposed,Social,Twenty Friends,Have at least 20 accepted mutual Crilo friendships.,Anomaly,,Not statistically measurable from wheel simulation,"Depends on voluntary accepted friends, participation and population, not wheel RNG","Requires friend_request activity and official-score joins, revocation, privacy and delete tests.",idea_social_228,,"Depends on voluntary accepted friends, participation and population, not wheel RNG",CONDITIONAL ON OTHER USERS; TRACKING MISSING
Proposed,Social,Friendly Challenger,Beat an accepted friend’s official score in the same Daily period once.,Uncommon,,Not statistically measurable from wheel simulation,"Depends on voluntary accepted friends, participation and population, not wheel RNG","Requires friend_request activity and official-score joins, revocation, privacy and delete tests.",idea_social_229,,"Depends on voluntary accepted friends, participation and population, not wheel RNG",CONDITIONAL ON OTHER USERS; TRACKING MISSING
Proposed,Social,Friendly Rivalry,Beat an accepted friend’s official score on 5 distinct Daily periods.,Anomaly,,Not statistically measurable from wheel simulation,"Depends on voluntary accepted friends, participation and population, not wheel RNG","Requires friend_request activity and official-score joins, revocation, privacy and delete tests.",idea_social_230,,"Depends on voluntary accepted friends, participation and population, not wheel RNG",CONDITIONAL ON OTHER USERS; TRACKING MISSING
Proposed,Social,Close Competition,Finish within 5 score points of an accepted friend during one same-period Daily.,Rare,,Not statistically measurable from wheel simulation,"Depends on voluntary accepted friends, participation and population, not wheel RNG","Requires friend_request activity and official-score joins, revocation, privacy and delete tests.",idea_social_231,,"Depends on voluntary accepted friends, participation and population, not wheel RNG",CONDITIONAL ON OTHER USERS; TRACKING MISSING
Proposed,Social,Friend on Top,Have at least one friend finish #1 on a finalized Daily leaderboard.,Anomaly,,Not statistically measurable from wheel simulation,"Depends on voluntary accepted friends, participation and population, not wheel RNG","Requires friend_request activity and official-score joins, revocation, privacy and delete tests.",idea_social_232,,"Depends on voluntary accepted friends, participation and population, not wheel RNG",CONDITIONAL ON OTHER USERS; TRACKING MISSING
Proposed,Social,Mutual High Five,"On a single Daily period, you and an accepted friend both finish a completed official Daily.",Uncommon,,Not statistically measurable from wheel simulation,"Depends on voluntary accepted friends, participation and population, not wheel RNG","Requires friend_request activity and official-score joins, revocation, privacy and delete tests.",idea_social_233,,"Depends on voluntary accepted friends, participation and population, not wheel RNG",CONDITIONAL ON OTHER USERS; TRACKING MISSING
Proposed,Drawing,First Scribble,Submit a nonblank drawing with your completed official Daily.,Common,,Not statistically measurable from wheel simulation,Participation and moderation dependent; wheel odds not applicable,"Requires moderation-safe, anti-blank drawing tracking and deletion/revocation tests.",idea_art_234,,Participation and moderation dependent; wheel odds not applicable,LOGICALLY ACHIEVABLE; DRAWING TRIGGER MISSING
Proposed,Drawing,Drawn Twice,Submit nonblank drawings on 2 distinct completed official Dailies.,Common,,Not statistically measurable from wheel simulation,Participation and moderation dependent; wheel odds not applicable,"Requires moderation-safe, anti-blank drawing tracking and deletion/revocation tests.",idea_art_235,,Participation and moderation dependent; wheel odds not applicable,LOGICALLY ACHIEVABLE; DRAWING TRIGGER MISSING
Proposed,Drawing,Sketchbook Five,Submit nonblank drawings on 5 distinct completed official Dailies.,Common,,Not statistically measurable from wheel simulation,Participation and moderation dependent; wheel odds not applicable,"Requires moderation-safe, anti-blank drawing tracking and deletion/revocation tests.",idea_art_236,,Participation and moderation dependent; wheel odds not applicable,LOGICALLY ACHIEVABLE; DRAWING TRIGGER MISSING
Proposed,Drawing,Sketchbook Ten,Submit nonblank drawings on 10 distinct completed official Dailies.,Uncommon,,Not statistically measurable from wheel simulation,Participation and moderation dependent; wheel odds not applicable,"Requires moderation-safe, anti-blank drawing tracking and deletion/revocation tests.",idea_art_237,,Participation and moderation dependent; wheel odds not applicable,LOGICALLY ACHIEVABLE; DRAWING TRIGGER MISSING
Proposed,Drawing,Sketchbook Twenty,Submit nonblank drawings on 20 distinct completed official Dailies.,Uncommon,,Not statistically measurable from wheel simulation,Participation and moderation dependent; wheel odds not applicable,"Requires moderation-safe, anti-blank drawing tracking and deletion/revocation tests.",idea_art_238,,Participation and moderation dependent; wheel odds not applicable,LOGICALLY ACHIEVABLE; DRAWING TRIGGER MISSING
Proposed,Drawing,Pen Pals,"On one Daily period, you and an accepted friend each submit a nonblank drawing.",Common,,Not statistically measurable from wheel simulation,Participation and moderation dependent; wheel odds not applicable,"Requires moderation-safe, anti-blank drawing tracking and deletion/revocation tests.",idea_art_239,,Participation and moderation dependent; wheel odds not applicable,LOGICALLY ACHIEVABLE; DRAWING TRIGGER MISSING
Proposed,Drawing,Illustrated Week,Submit nonblank drawings in 7 consecutive Crilo Daily periods.,Epic,,Not statistically measurable from wheel simulation,Participation and moderation dependent; wheel odds not applicable,"Requires moderation-safe, anti-blank drawing tracking and deletion/revocation tests.",idea_art_240,,Participation and moderation dependent; wheel odds not applicable,LOGICALLY ACHIEVABLE; DRAWING TRIGGER MISSING
Proposed,Drawing,Thirty Drawings Later,Submit nonblank drawings on 30 distinct completed official Dailies.,Rare,,Not statistically measurable from wheel simulation,Participation and moderation dependent; wheel odds not applicable,"Requires moderation-safe, anti-blank drawing tracking and deletion/revocation tests.",idea_art_241,,Participation and moderation dependent; wheel odds not applicable,LOGICALLY ACHIEVABLE; DRAWING TRIGGER MISSING
Proposed,Opening & final spins,Duck at the Door,Your very first spin of an official Daily lands on Duck.,Uncommon,16.66400000,95% Wilson interval: 16.6044483–16.7237224%,"Exact saved-spin mechanic, deterministic reference Monte Carlo","Must implement + E2E test official-run award, Test Run suppression and deletion behavior.",idea_edges_242,,"Exact saved-spin mechanic, deterministic reference Monte Carlo",SIMULATED WITNESS; PRODUCTION TRIGGER MISSING
Proposed,Opening & final spins,Double Entrance,Your very first spin of an official Daily lands on ×2.,Rare,8.33560000,95% Wilson interval: 8.2914703–8.3799431%,"Exact saved-spin mechanic, deterministic reference Monte Carlo","Must implement + E2E test official-run award, Test Run suppression and deletion behavior.",idea_edges_243,,"Exact saved-spin mechanic, deterministic reference Monte Carlo",SIMULATED WITNESS; PRODUCTION TRIGGER MISSING
Proposed,Opening & final spins,Upgrade Entrance,Your very first spin of an official Daily lands on Upgrade.,Rare,8.33293333,95% Wilson interval: 8.2888101–8.3772700%,"Exact saved-spin mechanic, deterministic reference Monte Carlo","Must implement + E2E test official-run award, Test Run suppression and deletion behavior.",idea_edges_244,,"Exact saved-spin mechanic, deterministic reference Monte Carlo",SIMULATED WITNESS; PRODUCTION TRIGGER MISSING
Proposed,Opening & final spins,Extra Entrance,Your very first spin of an official Daily lands on +2 Spins.,Rare,8.31386667,95% Wilson interval: 8.2697895–8.3581574%,"Exact saved-spin mechanic, deterministic reference Monte Carlo","Must implement + E2E test official-run award, Test Run suppression and deletion behavior.",idea_edges_245,,"Exact saved-spin mechanic, deterministic reference Monte Carlo",SIMULATED WITNESS; PRODUCTION TRIGGER MISSING
Proposed,Opening & final spins,Last Little One,Your final spin of an official Daily lands on a base number 1.,Common,37.14520000,95% Wilson interval: 37.0679060–37.2225598%,"Exact saved-spin mechanic, deterministic reference Monte Carlo","Must implement + E2E test official-run award, Test Run suppression and deletion behavior.",idea_edges_246,,"Exact saved-spin mechanic, deterministic reference Monte Carlo",SIMULATED WITNESS; PRODUCTION TRIGGER MISSING
Proposed,Opening & final spins,Last Little Two,Your final spin of an official Daily lands on a base number 2.,Uncommon,26.39620000,95% Wilson interval: 26.3257212–26.4667997%,"Exact saved-spin mechanic, deterministic reference Monte Carlo","Must implement + E2E test official-run award, Test Run suppression and deletion behavior.",idea_edges_247,,"Exact saved-spin mechanic, deterministic reference Monte Carlo",SIMULATED WITNESS; PRODUCTION TRIGGER MISSING
Proposed,Opening & final spins,Last Little Three,Your final spin of an official Daily lands on a base number 3.,Uncommon,15.72946667,95% Wilson interval: 15.6712898–15.7878191%,"Exact saved-spin mechanic, deterministic reference Monte Carlo","Must implement + E2E test official-run award, Test Run suppression and deletion behavior.",idea_edges_248,,"Exact saved-spin mechanic, deterministic reference Monte Carlo",SIMULATED WITNESS; PRODUCTION TRIGGER MISSING
Proposed,Opening & final spins,Last Big Five,Your final spin of an official Daily lands on a base number 5.,Uncommon,15.74313333,95% Wilson interval: 15.6849358–15.8015063%,"Exact saved-spin mechanic, deterministic reference Monte Carlo","Must implement + E2E test official-run award, Test Run suppression and deletion behavior.",idea_edges_249,,"Exact saved-spin mechanic, deterministic reference Monte Carlo",SIMULATED WITNESS; PRODUCTION TRIGGER MISSING
Proposed — revised,Lifetime collections,Number Apprentice,Record at least 100 number results across completed official Daily runs; Test Runs excluded.,Uncommon,,Not statistically measurable from wheel simulation,Conditional on completing one Daily every day; days≈milestone / measured mean per Daily,"Requires authoritative history computation; deletion/reversal, Test Run and backfill tests.",proposal_linear_001,17.6,Conditional on completing one Daily every day; days≈milestone / measured mean per Daily,LOGICALLY ACHIEVABLE; CUMULATIVE TRIGGER MISSING
Proposed — revised,Lifetime collections,Number Veteran,Record at least 500 number results across completed official Daily runs; Test Runs excluded.,Rare,,Not statistically measurable from wheel simulation,Conditional on completing one Daily every day; days≈milestone / measured mean per Daily,"Requires authoritative history computation; deletion/reversal, Test Run and backfill tests.",proposal_linear_002,88.0,Conditional on completing one Daily every day; days≈milestone / measured mean per Daily,LOGICALLY ACHIEVABLE; CUMULATIVE TRIGGER MISSING
Proposed — revised,Lifetime collections,Pond Historian,Record at least 450 Duck results across completed official Daily runs; Test Runs excluded.,Anomaly,,Not statistically measurable from wheel simulation,Conditional on completing one Daily every day; days≈milestone / measured mean per Daily,"Requires authoritative history computation; deletion/reversal, Test Run and backfill tests.",proposal_linear_003,329.4,Conditional on completing one Daily every day; days≈milestone / measured mean per Daily,LOGICALLY ACHIEVABLE; CUMULATIVE TRIGGER MISSING
Proposed — revised,Lifetime collections,Quackologist,Record at least 750 Duck results across completed official Daily runs; Test Runs excluded.,Mythic,,Not statistically measurable from wheel simulation,Conditional on completing one Daily every day; days≈milestone / measured mean per Daily,"Requires authoritative history computation; deletion/reversal, Test Run and backfill tests.",proposal_linear_004,549.0,Conditional on completing one Daily every day; days≈milestone / measured mean per Daily,LOGICALLY ACHIEVABLE; CUMULATIVE TRIGGER MISSING
Proposed — revised,Lifetime collections,Double Archivist,Record at least 300 ×2 results across completed official Daily runs; Test Runs excluded.,Mythic,,Not statistically measurable from wheel simulation,Conditional on completing one Daily every day; days≈milestone / measured mean per Daily,"Requires authoritative history computation; deletion/reversal, Test Run and backfill tests.",proposal_linear_005,438.8,Conditional on completing one Daily every day; days≈milestone / measured mean per Daily,LOGICALLY ACHIEVABLE; CUMULATIVE TRIGGER MISSING
Proposed — revised,Lifetime collections,Doubling Legend,Record at least 500 ×2 results across completed official Daily runs; Test Runs excluded.,Mythic,,Not statistically measurable from wheel simulation,Conditional on completing one Daily every day; days≈milestone / measured mean per Daily,"Requires authoritative history computation; deletion/reversal, Test Run and backfill tests.",proposal_linear_006,731.3,Conditional on completing one Daily every day; days≈milestone / measured mean per Daily,LOGICALLY ACHIEVABLE; CUMULATIVE TRIGGER MISSING
Proposed — revised,Lifetime collections,Bonus Archivist,Record at least 300 +2 Spins results across completed official Daily runs; Test Runs excluded.,Mythic,,Not statistically measurable from wheel simulation,Conditional on completing one Daily every day; days≈milestone / measured mean per Daily,"Requires authoritative history computation; deletion/reversal, Test Run and backfill tests.",proposal_linear_007,439.2,Conditional on completing one Daily every day; days≈milestone / measured mean per Daily,LOGICALLY ACHIEVABLE; CUMULATIVE TRIGGER MISSING
Proposed — revised,Lifetime collections,Bonus Legend,Record at least 500 +2 Spins results across completed official Daily runs; Test Runs excluded.,Mythic,,Not statistically measurable from wheel simulation,Conditional on completing one Daily every day; days≈milestone / measured mean per Daily,"Requires authoritative history computation; deletion/reversal, Test Run and backfill tests.",proposal_linear_008,732.0,Conditional on completing one Daily every day; days≈milestone / measured mean per Daily,LOGICALLY ACHIEVABLE; CUMULATIVE TRIGGER MISSING
Proposed — revised,Lifetime collections,Evolution Archivist,Record at least 300 Upgrade results across completed official Daily runs; Test Runs excluded.,Mythic,,Not statistically measurable from wheel simulation,Conditional on completing one Daily every day; days≈milestone / measured mean per Daily,"Requires authoritative history computation; deletion/reversal, Test Run and backfill tests.",proposal_linear_009,439.2,Conditional on completing one Daily every day; days≈milestone / measured mean per Daily,LOGICALLY ACHIEVABLE; CUMULATIVE TRIGGER MISSING
Proposed — revised,Lifetime collections,Evolution Legend,Record at least 500 Upgrade results across completed official Daily runs; Test Runs excluded.,Mythic,,Not statistically measurable from wheel simulation,Conditional on completing one Daily every day; days≈milestone / measured mean per Daily,"Requires authoritative history computation; deletion/reversal, Test Run and backfill tests.",proposal_linear_010,732.1,Conditional on completing one Daily every day; days≈milestone / measured mean per Daily,LOGICALLY ACHIEVABLE; CUMULATIVE TRIGGER MISSING
Proposed — revised,Lifetime number slices,Base 1 Collector 25,Land the base-number 1 slice at least 25 times across completed official Daily runs (before Upgrade multipliers).,Uncommon,,Not statistically measurable from wheel simulation,Conditional on completing one Daily every day; days≈milestone / measured mean per Daily,"Requires authoritative history computation; deletion/reversal, Test Run and backfill tests.",proposal_linear_011,11.2,Conditional on completing one Daily every day; days≈milestone / measured mean per Daily,LOGICALLY ACHIEVABLE; CUMULATIVE TRIGGER MISSING
Proposed — revised,Lifetime number slices,Base 1 Collector 150,Land the base-number 1 slice at least 150 times across completed official Daily runs (before Upgrade multipliers).,Rare,,Not statistically measurable from wheel simulation,Conditional on completing one Daily every day; days≈milestone / measured mean per Daily,"Requires authoritative history computation; deletion/reversal, Test Run and backfill tests.",proposal_linear_012,67.3,Conditional on completing one Daily every day; days≈milestone / measured mean per Daily,LOGICALLY ACHIEVABLE; CUMULATIVE TRIGGER MISSING
Proposed — revised,Lifetime number slices,Base 2 Collector 25,Land the base-number 2 slice at least 25 times across completed official Daily runs (before Upgrade multipliers).,Uncommon,,Not statistically measurable from wheel simulation,Conditional on completing one Daily every day; days≈milestone / measured mean per Daily,"Requires authoritative history computation; deletion/reversal, Test Run and backfill tests.",proposal_linear_013,16.2,Conditional on completing one Daily every day; days≈milestone / measured mean per Daily,LOGICALLY ACHIEVABLE; CUMULATIVE TRIGGER MISSING
Proposed — revised,Lifetime number slices,Base 2 Collector 150,Land the base-number 2 slice at least 150 times across completed official Daily runs (before Upgrade multipliers).,Epic,,Not statistically measurable from wheel simulation,Conditional on completing one Daily every day; days≈milestone / measured mean per Daily,"Requires authoritative history computation; deletion/reversal, Test Run and backfill tests.",proposal_linear_014,96.9,Conditional on completing one Daily every day; days≈milestone / measured mean per Daily,LOGICALLY ACHIEVABLE; CUMULATIVE TRIGGER MISSING
Proposed — revised,Lifetime number slices,Base 3 Collector 25,Land the base-number 3 slice at least 25 times across completed official Daily runs (before Upgrade multipliers).,Uncommon,,Not statistically measurable from wheel simulation,Conditional on completing one Daily every day; days≈milestone / measured mean per Daily,"Requires authoritative history computation; deletion/reversal, Test Run and backfill tests.",proposal_linear_015,29.0,Conditional on completing one Daily every day; days≈milestone / measured mean per Daily,LOGICALLY ACHIEVABLE; CUMULATIVE TRIGGER MISSING
Proposed — revised,Lifetime number slices,Base 3 Collector 150,Land the base-number 3 slice at least 150 times across completed official Daily runs (before Upgrade multipliers).,Epic,,Not statistically measurable from wheel simulation,Conditional on completing one Daily every day; days≈milestone / measured mean per Daily,"Requires authoritative history computation; deletion/reversal, Test Run and backfill tests.",proposal_linear_016,174.0,Conditional on completing one Daily every day; days≈milestone / measured mean per Daily,LOGICALLY ACHIEVABLE; CUMULATIVE TRIGGER MISSING
Proposed — revised,Lifetime number slices,Base 5 Collector 25,Land the base-number 5 slice at least 25 times across completed official Daily runs (before Upgrade multipliers).,Uncommon,,Not statistically measurable from wheel simulation,Conditional on completing one Daily every day; days≈milestone / measured mean per Daily,"Requires authoritative history computation; deletion/reversal, Test Run and backfill tests.",proposal_linear_017,29.0,Conditional on completing one Daily every day; days≈milestone / measured mean per Daily,LOGICALLY ACHIEVABLE; CUMULATIVE TRIGGER MISSING
Proposed — revised,Lifetime number slices,Base 5 Collector 150,Land the base-number 5 slice at least 150 times across completed official Daily runs (before Upgrade multipliers).,Epic,,Not statistically measurable from wheel simulation,Conditional on completing one Daily every day; days≈milestone / measured mean per Daily,"Requires authoritative history computation; deletion/reversal, Test Run and backfill tests.",proposal_linear_018,173.7,Conditional on completing one Daily every day; days≈milestone / measured mean per Daily,LOGICALLY ACHIEVABLE; CUMULATIVE TRIGGER MISSING
Proposed — new,Spin positions,Number on Spin 1,"On the 1th actual spin of a completed official Daily run, land any number slice.",Common,58.35360000,95% Wilson interval: 58.2746867–58.4324705%,"Exact saved-spin mechanic, deterministic reference Monte Carlo","Must implement + E2E test official-run award, Test Run suppression and deletion behavior.",proposal_linear_019,,"Exact saved-spin mechanic, deterministic reference Monte Carlo",SIMULATED WITNESS; PRODUCTION TRIGGER MISSING
Proposed — new,Spin positions,Number on Spin 2,"On the 2th actual spin of a completed official Daily run, land any number slice.",Common,59.39966667,95% Wilson interval: 59.3210527–59.4782325%,"Exact saved-spin mechanic, deterministic reference Monte Carlo","Must implement + E2E test official-run award, Test Run suppression and deletion behavior.",proposal_linear_020,,"Exact saved-spin mechanic, deterministic reference Monte Carlo",SIMULATED WITNESS; PRODUCTION TRIGGER MISSING
Proposed — new,Spin positions,Number on Spin 3,"On the 3th actual spin of a completed official Daily run, land any number slice.",Common,60.30486667,95% Wilson interval: 60.2265415–60.3831390%,"Exact saved-spin mechanic, deterministic reference Monte Carlo","Must implement + E2E test official-run award, Test Run suppression and deletion behavior.",proposal_linear_021,,"Exact saved-spin mechanic, deterministic reference Monte Carlo",SIMULATED WITNESS; PRODUCTION TRIGGER MISSING
Proposed — new,Spin positions,Number on Spin 4,"On the 4th actual spin of a completed official Daily run, land any number slice.",Common,61.25900000,95% Wilson interval: 61.1810096–61.3369327%,"Exact saved-spin mechanic, deterministic reference Monte Carlo","Must implement + E2E test official-run award, Test Run suppression and deletion behavior.",proposal_linear_022,,"Exact saved-spin mechanic, deterministic reference Monte Carlo",SIMULATED WITNESS; PRODUCTION TRIGGER MISSING
Proposed — new,Spin positions,Number on Spin 5,"On the 5th actual spin of a completed official Daily run, land any number slice.",Common,62.13433333,95% Wilson interval: 62.0566778–62.2119267%,"Exact saved-spin mechanic, deterministic reference Monte Carlo","Must implement + E2E test official-run award, Test Run suppression and deletion behavior.",proposal_linear_023,,"Exact saved-spin mechanic, deterministic reference Monte Carlo",SIMULATED WITNESS; PRODUCTION TRIGGER MISSING
Proposed — new,Number slice patterns,Ones in the Mix 2,Land at least 2 base-number 1 slices during the same completed official Daily run (not necessarily consecutive).,Common,70.59853333,95% Wilson interval: 70.5255697–70.6713915%,"Exact saved-spin mechanic, deterministic reference Monte Carlo","OLD_RARITY_WRONG | Must implement + E2E test official-run award, Test Run suppression and deletion behavior.",proposal_linear_024,,"Exact saved-spin mechanic, deterministic reference Monte Carlo",SIMULATED WITNESS; PRODUCTION TRIGGER MISSING
Proposed — new,Number slice patterns,Ones in the Mix 3,Land at least 3 base-number 1 slices during the same completed official Daily run (not necessarily consecutive).,Common,39.42646667,95% Wilson interval: 39.3482868–39.5047007%,"Exact saved-spin mechanic, deterministic reference Monte Carlo","OLD_RARITY_WRONG | Must implement + E2E test official-run award, Test Run suppression and deletion behavior.",proposal_linear_025,,"Exact saved-spin mechanic, deterministic reference Monte Carlo",SIMULATED WITNESS; PRODUCTION TRIGGER MISSING
Proposed — new,Number slice patterns,Two Twos Together,Land base-number 2 on two consecutive actual spins during one completed official Daily run.,Uncommon,18.66126667,95% Wilson interval: 18.5989979–18.7236959%,"Exact saved-spin mechanic, deterministic reference Monte Carlo","Must implement + E2E test official-run award, Test Run suppression and deletion behavior.",proposal_linear_026,,"Exact saved-spin mechanic, deterministic reference Monte Carlo",SIMULATED WITNESS; PRODUCTION TRIGGER MISSING
Proposed — new,Number slice patterns,Twos in the Mix 3,Land at least 3 base-number 2 slices during the same completed official Daily run (not necessarily consecutive).,Uncommon,18.71233333,95% Wilson interval: 18.6499988–18.7748281%,"Exact saved-spin mechanic, deterministic reference Monte Carlo","Must implement + E2E test official-run award, Test Run suppression and deletion behavior.",proposal_linear_027,,"Exact saved-spin mechanic, deterministic reference Monte Carlo",SIMULATED WITNESS; PRODUCTION TRIGGER MISSING
Proposed — new,Number slice patterns,Threes in the Mix 2,Land at least 2 base-number 3 slices during the same completed official Daily run (not necessarily consecutive).,Uncommon,21.03520000,95% Wilson interval: 20.9700513–21.1004971%,"Exact saved-spin mechanic, deterministic reference Monte Carlo","Must implement + E2E test official-run award, Test Run suppression and deletion behavior.",proposal_linear_028,,"Exact saved-spin mechanic, deterministic reference Monte Carlo",SIMULATED WITNESS; PRODUCTION TRIGGER MISSING
Proposed — new,Number slice patterns,Triple Threes in a Row,Land base-number 3 on three consecutive actual spins during one completed official Daily run.,Mythic,0.58813333,95% Wilson interval: 0.5760225–0.6004973%,"Exact saved-spin mechanic, deterministic reference Monte Carlo","OLD_RARITY_WRONG | Must implement + E2E test official-run award, Test Run suppression and deletion behavior.",proposal_linear_029,,"Exact saved-spin mechanic, deterministic reference Monte Carlo",SIMULATED WITNESS; PRODUCTION TRIGGER MISSING
Proposed — new,Number slice patterns,Fives in the Mix 2,Land at least 2 base-number 5 slices during the same completed official Daily run (not necessarily consecutive).,Uncommon,21.09426667,95% Wilson interval: 21.0290507–21.1596307%,"Exact saved-spin mechanic, deterministic reference Monte Carlo","Must implement + E2E test official-run award, Test Run suppression and deletion behavior.",proposal_linear_030,,"Exact saved-spin mechanic, deterministic reference Monte Carlo",SIMULATED WITNESS; PRODUCTION TRIGGER MISSING
Proposed — new,Number slice patterns,Fives in the Mix 3,Land at least 3 base-number 5 slices during the same completed official Daily run (not necessarily consecutive).,Epic,4.91473333,95% Wilson interval: 4.8802534–4.9494442%,"Exact saved-spin mechanic, deterministic reference Monte Carlo","OLD_RARITY_WRONG | Must implement + E2E test official-run award, Test Run suppression and deletion behavior.",proposal_linear_031,,"Exact saved-spin mechanic, deterministic reference Monte Carlo",SIMULATED WITNESS; PRODUCTION TRIGGER MISSING
Proposed — new,Number slice patterns,One-Two Pair,Get consecutive number slices with base values 1 then 2 in one official Daily run; Upgrades do not change their base values.,Uncommon,29.03926667,95% Wilson interval: 28.9666743–29.1119664%,"Exact saved-spin mechanic, deterministic reference Monte Carlo","Must implement + E2E test official-run award, Test Run suppression and deletion behavior.",proposal_linear_032,,"Exact saved-spin mechanic, deterministic reference Monte Carlo",SIMULATED WITNESS; PRODUCTION TRIGGER MISSING
Proposed — new,Number slice patterns,Two-Three Pair,Get consecutive number slices with base values 2 then 3 in one official Daily run; Upgrades do not change their base values.,Uncommon,11.53766667,95% Wilson interval: 11.4866383–11.5888920%,"Exact saved-spin mechanic, deterministic reference Monte Carlo","Must implement + E2E test official-run award, Test Run suppression and deletion behavior.",proposal_linear_033,,"Exact saved-spin mechanic, deterministic reference Monte Carlo",SIMULATED WITNESS; PRODUCTION TRIGGER MISSING
Proposed — new,Number slice patterns,Three-Five Pair,Get consecutive number slices with base values 3 then 5 in one official Daily run; Upgrades do not change their base values.,Rare,6.56840000,95% Wilson interval: 6.5288662–6.6081562%,"Exact saved-spin mechanic, deterministic reference Monte Carlo","OLD_RARITY_WRONG | Must implement + E2E test official-run award, Test Run suppression and deletion behavior.",proposal_linear_034,,"Exact saved-spin mechanic, deterministic reference Monte Carlo",SIMULATED WITNESS; PRODUCTION TRIGGER MISSING
Proposed — new,Number slice patterns,One-Five Pair,Get consecutive number slices with base values 1 then 5 in one official Daily run; Upgrades do not change their base values.,Uncommon,16.46573333,95% Wilson interval: 16.4064675–16.5251709%,"Exact saved-spin mechanic, deterministic reference Monte Carlo","Must implement + E2E test official-run award, Test Run suppression and deletion behavior.",proposal_linear_035,,"Exact saved-spin mechanic, deterministic reference Monte Carlo",SIMULATED WITNESS; PRODUCTION TRIGGER MISSING
Proposed — new,Wheel placement,"Duck Opens, 1 Closes","On one official Daily, the first actual spin lands duck, and the final actual spin lands a base-number 1 slice (the last outcome must be a number).",Rare,6.14800000,95% Wilson interval: 6.1096708–6.1865538%,"Exact saved-spin mechanic, deterministic reference Monte Carlo","Must implement + E2E test official-run award, Test Run suppression and deletion behavior.",proposal_linear_036,,"Exact saved-spin mechanic, deterministic reference Monte Carlo",SIMULATED WITNESS; PRODUCTION TRIGGER MISSING
Proposed — new,Wheel placement,"Duck Opens, 2 Closes","On one official Daily, the first actual spin lands duck, and the final actual spin lands a base-number 2 slice (the last outcome must be a number).",Epic,4.38700000,95% Wilson interval: 4.3543409–4.4198927%,"Exact saved-spin mechanic, deterministic reference Monte Carlo","OLD_RARITY_WRONG | Must implement + E2E test official-run award, Test Run suppression and deletion behavior.",proposal_linear_037,,"Exact saved-spin mechanic, deterministic reference Monte Carlo",SIMULATED WITNESS; PRODUCTION TRIGGER MISSING
Proposed — new,Wheel placement,"Duck Opens, 5 Closes","On one official Daily, the first actual spin lands duck, and the final actual spin lands a base-number 5 slice (the last outcome must be a number).",Epic,2.66006667,95% Wilson interval: 2.6344362–2.6859396%,"Exact saved-spin mechanic, deterministic reference Monte Carlo","OLD_RARITY_WRONG | Must implement + E2E test official-run award, Test Run suppression and deletion behavior.",proposal_linear_038,,"Exact saved-spin mechanic, deterministic reference Monte Carlo",SIMULATED WITNESS; PRODUCTION TRIGGER MISSING
Proposed — new,Wheel placement,"Double Opens, 1 Closes","On one official Daily, the first actual spin lands double, and the final actual spin lands a base-number 1 slice (the last outcome must be a number).",Epic,3.12320000,95% Wilson interval: 3.0954830–3.1511571%,"Exact saved-spin mechanic, deterministic reference Monte Carlo","OLD_RARITY_WRONG | Must implement + E2E test official-run award, Test Run suppression and deletion behavior.",proposal_linear_039,,"Exact saved-spin mechanic, deterministic reference Monte Carlo",SIMULATED WITNESS; PRODUCTION TRIGGER MISSING
Proposed — new,Wheel placement,"Double Opens, 2 Closes","On one official Daily, the first actual spin lands double, and the final actual spin lands a base-number 2 slice (the last outcome must be a number).",Epic,2.18940000,95% Wilson interval: 2.1661033–2.2129416%,"Exact saved-spin mechanic, deterministic reference Monte Carlo","OLD_RARITY_WRONG | Must implement + E2E test official-run award, Test Run suppression and deletion behavior.",proposal_linear_040,,"Exact saved-spin mechanic, deterministic reference Monte Carlo",SIMULATED WITNESS; PRODUCTION TRIGGER MISSING
Proposed — new,Wheel placement,"Double Opens, 5 Closes","On one official Daily, the first actual spin lands double, and the final actual spin lands a base-number 5 slice (the last outcome must be a number).",Anomaly,1.30953333,95% Wilson interval: 1.2914645–1.3278515%,"Exact saved-spin mechanic, deterministic reference Monte Carlo","OLD_RARITY_WRONG | Must implement + E2E test official-run award, Test Run suppression and deletion behavior.",proposal_linear_041,,"Exact saved-spin mechanic, deterministic reference Monte Carlo",SIMULATED WITNESS; PRODUCTION TRIGGER MISSING
Proposed — new,Wheel placement,"Bonus Opens, 1 Closes","On one official Daily, the first actual spin lands spins, and the final actual spin lands a base-number 1 slice (the last outcome must be a number).",Epic,3.02180000,95% Wilson interval: 2.9945245–3.0493161%,"Exact saved-spin mechanic, deterministic reference Monte Carlo","OLD_RARITY_WRONG | Must implement + E2E test official-run award, Test Run suppression and deletion behavior.",proposal_linear_042,,"Exact saved-spin mechanic, deterministic reference Monte Carlo",SIMULATED WITNESS; PRODUCTION TRIGGER MISSING
Proposed — new,Wheel placement,"Bonus Opens, 2 Closes","On one official Daily, the first actual spin lands spins, and the final actual spin lands a base-number 2 slice (the last outcome must be a number).",Epic,2.17033333,95% Wilson interval: 2.1471366–2.1937751%,"Exact saved-spin mechanic, deterministic reference Monte Carlo","OLD_RARITY_WRONG | Must implement + E2E test official-run award, Test Run suppression and deletion behavior.",proposal_linear_043,,"Exact saved-spin mechanic, deterministic reference Monte Carlo",SIMULATED WITNESS; PRODUCTION TRIGGER MISSING
Proposed — new,Wheel placement,"Bonus Opens, 5 Closes","On one official Daily, the first actual spin lands spins, and the final actual spin lands a base-number 5 slice (the last outcome must be a number).",Anomaly,1.32100000,95% Wilson interval: 1.3028528–1.3393966%,"Exact saved-spin mechanic, deterministic reference Monte Carlo","OLD_RARITY_WRONG | Must implement + E2E test official-run award, Test Run suppression and deletion behavior.",proposal_linear_044,,"Exact saved-spin mechanic, deterministic reference Monte Carlo",SIMULATED WITNESS; PRODUCTION TRIGGER MISSING
Proposed — new,Wheel placement,"Upgrade Opens, 1 Closes","On one official Daily, the first actual spin lands upgrade, and the final actual spin lands a base-number 1 slice (the last outcome must be a number).",Epic,2.62560000,95% Wilson interval: 2.6001324–2.6513102%,"Exact saved-spin mechanic, deterministic reference Monte Carlo","OLD_RARITY_WRONG | Must implement + E2E test official-run award, Test Run suppression and deletion behavior.",proposal_linear_045,,"Exact saved-spin mechanic, deterministic reference Monte Carlo",SIMULATED WITNESS; PRODUCTION TRIGGER MISSING
Proposed — new,Wheel placement,"Upgrade Opens, 2 Closes","On one official Daily, the first actual spin lands upgrade, and the final actual spin lands a base-number 2 slice (the last outcome must be a number).",Epic,2.04520000,95% Wilson interval: 2.0226713–2.0679743%,"Exact saved-spin mechanic, deterministic reference Monte Carlo","OLD_RARITY_WRONG | Must implement + E2E test official-run award, Test Run suppression and deletion behavior.",proposal_linear_046,,"Exact saved-spin mechanic, deterministic reference Monte Carlo",SIMULATED WITNESS; PRODUCTION TRIGGER MISSING
Proposed — new,Wheel placement,"Upgrade Opens, 5 Closes","On one official Daily, the first actual spin lands upgrade, and the final actual spin lands a base-number 5 slice (the last outcome must be a number).",Anomaly,1.41700000,95% Wilson interval: 1.3982095–1.4360394%,"Exact saved-spin mechanic, deterministic reference Monte Carlo","OLD_RARITY_WRONG | Must implement + E2E test official-run award, Test Run suppression and deletion behavior.",proposal_linear_047,,"Exact saved-spin mechanic, deterministic reference Monte Carlo",SIMULATED WITNESS; PRODUCTION TRIGGER MISSING
Proposed — new,Wheel gap patterns,Duck–Number–Double,Land the exact consecutive spin-result sequence duck → number → double in one completed official Daily run.,Rare,5.30153333,95% Wilson interval: 5.2657900–5.3375057%,"Exact saved-spin mechanic, deterministic reference Monte Carlo","Must implement + E2E test official-run award, Test Run suppression and deletion behavior.",proposal_linear_048,,"Exact saved-spin mechanic, deterministic reference Monte Carlo",SIMULATED WITNESS; PRODUCTION TRIGGER MISSING
Proposed — new,Wheel gap patterns,Duck–Number–Bonus,Land the exact consecutive spin-result sequence duck → number → spins in one completed official Daily run.,Rare,5.19020000,95% Wilson interval: 5.1548146–5.2258150%,"Exact saved-spin mechanic, deterministic reference Monte Carlo","Must implement + E2E test official-run award, Test Run suppression and deletion behavior.",proposal_linear_049,,"Exact saved-spin mechanic, deterministic reference Monte Carlo",SIMULATED WITNESS; PRODUCTION TRIGGER MISSING
Proposed — new,Wheel gap patterns,Duck–Number–Upgrade,Land the exact consecutive spin-result sequence duck → number → upgrade in one completed official Daily run.,Rare,5.34933333,95% Wilson interval: 5.3134376–5.3854577%,"Exact saved-spin mechanic, deterministic reference Monte Carlo","Must implement + E2E test official-run award, Test Run suppression and deletion behavior.",proposal_linear_050,,"Exact saved-spin mechanic, deterministic reference Monte Carlo",SIMULATED WITNESS; PRODUCTION TRIGGER MISSING
Proposed — new,Wheel gap patterns,Double–Number–Duck,Land the exact consecutive spin-result sequence double → number → duck in one completed official Daily run.,Rare,5.29606667,95% Wilson interval: 5.2603408–5.3320216%,"Exact saved-spin mechanic, deterministic reference Monte Carlo","Must implement + E2E test official-run award, Test Run suppression and deletion behavior.",proposal_linear_051,,"Exact saved-spin mechanic, deterministic reference Monte Carlo",SIMULATED WITNESS; PRODUCTION TRIGGER MISSING
Proposed — new,Wheel gap patterns,Double–Number–Bonus,Land the exact consecutive spin-result sequence double → number → spins in one completed official Daily run.,Epic,2.64973333,95% Wilson interval: 2.6241516–2.6755576%,"Exact saved-spin mechanic, deterministic reference Monte Carlo","OLD_RARITY_WRONG | Must implement + E2E test official-run award, Test Run suppression and deletion behavior.",proposal_linear_052,,"Exact saved-spin mechanic, deterministic reference Monte Carlo",SIMULATED WITNESS; PRODUCTION TRIGGER MISSING
Proposed — new,Wheel gap patterns,Double–Number–Upgrade,Land the exact consecutive spin-result sequence double → number → upgrade in one completed official Daily run.,Epic,2.69280000,95% Wilson interval: 2.6670158–2.7188265%,"Exact saved-spin mechanic, deterministic reference Monte Carlo","OLD_RARITY_WRONG | Must implement + E2E test official-run award, Test Run suppression and deletion behavior.",proposal_linear_053,,"Exact saved-spin mechanic, deterministic reference Monte Carlo",SIMULATED WITNESS; PRODUCTION TRIGGER MISSING
Proposed — new,Wheel gap patterns,Bonus–Number–Duck,Land the exact consecutive spin-result sequence spins → number → duck in one completed official Daily run.,Rare,6.15080000,95% Wilson interval: 6.1124626–6.1893620%,"Exact saved-spin mechanic, deterministic reference Monte Carlo","Must implement + E2E test official-run award, Test Run suppression and deletion behavior.",proposal_linear_054,,"Exact saved-spin mechanic, deterministic reference Monte Carlo",SIMULATED WITNESS; PRODUCTION TRIGGER MISSING
Proposed — new,Wheel gap patterns,Bonus–Number–Double,Land the exact consecutive spin-result sequence spins → number → double in one completed official Daily run.,Epic,3.13313333,95% Wilson interval: 3.1053735–3.1611332%,"Exact saved-spin mechanic, deterministic reference Monte Carlo","OLD_RARITY_WRONG | Must implement + E2E test official-run award, Test Run suppression and deletion behavior.",proposal_linear_055,,"Exact saved-spin mechanic, deterministic reference Monte Carlo",SIMULATED WITNESS; PRODUCTION TRIGGER MISSING
Proposed — new,Wheel gap patterns,Bonus–Number–Upgrade,Land the exact consecutive spin-result sequence spins → number → upgrade in one completed official Daily run.,Epic,3.16260000,95% Wilson interval: 3.1347135–3.1907264%,"Exact saved-spin mechanic, deterministic reference Monte Carlo","OLD_RARITY_WRONG | Must implement + E2E test official-run award, Test Run suppression and deletion behavior.",proposal_linear_056,,"Exact saved-spin mechanic, deterministic reference Monte Carlo",SIMULATED WITNESS; PRODUCTION TRIGGER MISSING
Proposed — new,Wheel gap patterns,Upgrade–Number–Bonus,Land the exact consecutive spin-result sequence upgrade → number → spins in one completed official Daily run.,Epic,2.27820000,95% Wilson interval: 2.2544437–2.3022007%,"Exact saved-spin mechanic, deterministic reference Monte Carlo","OLD_RARITY_WRONG | Must implement + E2E test official-run award, Test Run suppression and deletion behavior.",proposal_linear_057,,"Exact saved-spin mechanic, deterministic reference Monte Carlo",SIMULATED WITNESS; PRODUCTION TRIGGER MISSING
Proposed — replaces repetitive wheel combination,Exploration & onboarding,First Look,Open the Crilo Home page while signed in. Award only once per account upon a real signed-in user action; no Test Run badge awarding.,Common,,Not statistically measurable from wheel simulation,"Player-initiated UI event, not random. Probability of player visiting cannot be inferred.","Requires real event instrumentation, authenticated back end and tests to prevent arbitrary badge claims.",proposal_explore_home_view,,"Player-initiated UI event, not random. Probability of player visiting cannot be inferred.",CONTROL RECONCILED; AUTHENTICATED EVENT TRACKING MISSING
Proposed — replaces repetitive wheel combination,Exploration & onboarding,The Rulebook,Open the game's Info or instructions menu. Award only once per account upon a real signed-in user action; no Test Run badge awarding.,Common,,Not statistically measurable from wheel simulation,"Player-initiated UI event, not random. Probability of player visiting cannot be inferred.","Requires real event instrumentation, authenticated back end and tests to prevent arbitrary badge claims.",proposal_explore_info_open,,"Player-initiated UI event, not random. Probability of player visiting cannot be inferred.",CONTROL RECONCILED; AUTHENTICATED EVENT TRACKING MISSING
Proposed — replaces repetitive wheel combination,Exploration & onboarding,Odds Curious,Open the rarity explanation in the Info menu. Award only once per account upon a real signed-in user action; no Test Run badge awarding.,Common,,Not statistically measurable from wheel simulation,"Player-initiated UI event, not random. Probability of player visiting cannot be inferred.","Requires real event instrumentation, authenticated back end and tests to prevent arbitrary badge claims.",proposal_explore_rarity_info,,"Player-initiated UI event, not random. Probability of player visiting cannot be inferred.",CONTROL RECONCILED; AUTHENTICATED EVENT TRACKING MISSING
Proposed — replaces repetitive wheel combination,Exploration & onboarding,Around the Pond,Visit the Ducks page. Award only once per account upon a real signed-in user action; no Test Run badge awarding.,Common,,Not statistically measurable from wheel simulation,"Player-initiated UI event, not random. Probability of player visiting cannot be inferred.","Requires real event instrumentation, authenticated back end and tests to prevent arbitrary badge claims.",proposal_explore_ducks_page,,"Player-initiated UI event, not random. Probability of player visiting cannot be inferred.",CONTROL RECONCILED; AUTHENTICATED EVENT TRACKING MISSING
Proposed — replaces repetitive wheel combination,Exploration & onboarding,Duck Detective,Open the detail view of any Duck. Award only once per account upon a real signed-in user action; no Test Run badge awarding.,Common,,Not statistically measurable from wheel simulation,"Player-initiated UI event, not random. Probability of player visiting cannot be inferred.","Requires real event instrumentation, authenticated back end and tests to prevent arbitrary badge claims.",proposal_explore_duck_details,,"Player-initiated UI event, not random. Probability of player visiting cannot be inferred.",CONTROL RECONCILED; AUTHENTICATED EVENT TRACKING MISSING
Proposed — replaces repetitive wheel combination,Exploration & onboarding,Quack Check,Play the sound of an unlocked Duck on the Ducks page. Award only once per account upon a real signed-in user action; no Test Run badge awarding.,Common,,Not statistically measurable from wheel simulation,"Player-initiated UI event, not random. Probability of player visiting cannot be inferred.","Requires real event instrumentation, authenticated back end and tests to prevent arbitrary badge claims.",proposal_explore_duck_sound,,"Player-initiated UI event, not random. Probability of player visiting cannot be inferred.",CONTROL RECONCILED; AUTHENTICATED EVENT TRACKING MISSING
Proposed — replaces repetitive wheel combination,Exploration & onboarding,Trophy Case,Visit the Badge Collection section on your Player Profile while signed in.,Common,,Not statistically measurable from wheel simulation,"Player-initiated UI event, not random. Probability of player visiting cannot be inferred.","Requires real event instrumentation, authenticated back end and tests to prevent arbitrary badge claims.",proposal_explore_badges_page,,"Player-initiated UI event, not random. Probability of player visiting cannot be inferred.",CONTROL RECONCILED; AUTHENTICATED EVENT TRACKING MISSING
Proposed — replaces repetitive wheel combination,Exploration & onboarding,Open the Collection,Expand a category in the Badge Collection on your Player Profile.,Common,,Not statistically measurable from wheel simulation,"Player-initiated UI event, not random. Probability of player visiting cannot be inferred.","Requires real event instrumentation, authenticated back end and tests to prevent arbitrary badge claims.",proposal_explore_badge_detail,,"Player-initiated UI event, not random. Probability of player visiting cannot be inferred.",CONTROL RECONCILED; AUTHENTICATED EVENT TRACKING MISSING
Proposed — replaces repetitive wheel combination,Exploration & onboarding,Featured Curator,Open the Featured Badge selection dialog on your Player Profile.,Common,,Not statistically measurable from wheel simulation,"Player-initiated UI event, not random. Probability of player visiting cannot be inferred.","Requires real event instrumentation, authenticated back end and tests to prevent arbitrary badge claims.",proposal_explore_badge_search,,"Player-initiated UI event, not random. Probability of player visiting cannot be inferred.",CONTROL RECONCILED; AUTHENTICATED EVENT TRACKING MISSING
Proposed — replaces repetitive wheel combination,Exploration & onboarding,Showcase Something,Set or change one of your Featured Badges on your Player Profile.,Common,,Not statistically measurable from wheel simulation,"Player-initiated UI event, not random. Probability of player visiting cannot be inferred.","Requires real event instrumentation, authenticated back end and tests to prevent arbitrary badge claims.",proposal_explore_badge_filter,,"Player-initiated UI event, not random. Probability of player visiting cannot be inferred.",CONTROL RECONCILED; AUTHENTICATED EVENT TRACKING MISSING
Proposed — replaces repetitive wheel combination,Exploration & onboarding,The Rankings,Visit the Leaderboard page. Award only once per account upon a real signed-in user action; no Test Run badge awarding.,Common,,Not statistically measurable from wheel simulation,"Player-initiated UI event, not random. Probability of player visiting cannot be inferred.","Requires real event instrumentation, authenticated back end and tests to prevent arbitrary badge claims.",proposal_explore_leaderboard_page,,"Player-initiated UI event, not random. Probability of player visiting cannot be inferred.",CONTROL RECONCILED; AUTHENTICATED EVENT TRACKING MISSING
Proposed — replaces repetitive wheel combination,Exploration & onboarding,The Big Picture,Open the current Daily leaderboard. Award only once per account upon a real signed-in user action; no Test Run badge awarding.,Common,,Not statistically measurable from wheel simulation,"Player-initiated UI event, not random. Probability of player visiting cannot be inferred.","Requires real event instrumentation, authenticated back end and tests to prevent arbitrary badge claims.",proposal_explore_daily_leaderboard,,"Player-initiated UI event, not random. Probability of player visiting cannot be inferred.",CONTROL RECONCILED; AUTHENTICATED EVENT TRACKING MISSING
Proposed — new,Single-run number variety,2 Different Digits,"Land at least 2 distinct base-number values from {1,2,3,5} within one completed official Daily run.",Common,98.60593333,95% Wilson interval: 98.5870454–98.6245723%,"Exact saved-spin mechanic, deterministic reference Monte Carlo","OLD_RARITY_WRONG | Must implement + E2E test official-run award, Test Run suppression and deletion behavior.",proposal_linear_070,,"Exact saved-spin mechanic, deterministic reference Monte Carlo",SIMULATED WITNESS; PRODUCTION TRIGGER MISSING
Proposed — new,Single-run number variety,3 Different Digits,"Land at least 3 distinct base-number values from {1,2,3,5} within one completed official Daily run.",Common,74.45526667,95% Wilson interval: 74.3854116–74.5249965%,"Exact saved-spin mechanic, deterministic reference Monte Carlo","OLD_RARITY_WRONG | Must implement + E2E test official-run award, Test Run suppression and deletion behavior.",proposal_linear_071,,"Exact saved-spin mechanic, deterministic reference Monte Carlo",SIMULATED WITNESS; PRODUCTION TRIGGER MISSING
Proposed — new,Single-run number variety,4 Different Digits,"Land at least 4 distinct base-number values from {1,2,3,5} within one completed official Daily run.",Uncommon,20.97360000,95% Wilson interval: 20.9085216–21.0388271%,"Exact saved-spin mechanic, deterministic reference Monte Carlo","OLD_RARITY_WRONG | Must implement + E2E test official-run award, Test Run suppression and deletion behavior.",proposal_linear_072,,"Exact saved-spin mechanic, deterministic reference Monte Carlo",SIMULATED WITNESS; PRODUCTION TRIGGER MISSING
Proposed — replaces repetitive wheel combination,Exploration & onboarding,People Watching,Open another player's public profile from a ranking. Award only once per account upon a real signed-in user action; no Test Run badge awarding.,Common,,Not statistically measurable from wheel simulation,"Player-initiated UI event, not random. Probability of player visiting cannot be inferred.","Requires real event instrumentation, authenticated back end and tests to prevent arbitrary badge claims.",proposal_explore_other_player_profile,,"Player-initiated UI event, not random. Probability of player visiting cannot be inferred.",CONTROL RECONCILED; AUTHENTICATED EVENT TRACKING MISSING
Proposed — replaces repetitive wheel combination,Exploration & onboarding,Numbers Person,Visit your Profile or Stats page. Award only once per account upon a real signed-in user action; no Test Run badge awarding.,Common,,Not statistically measurable from wheel simulation,"Player-initiated UI event, not random. Probability of player visiting cannot be inferred.","Requires real event instrumentation, authenticated back end and tests to prevent arbitrary badge claims.",proposal_explore_profile_page,,"Player-initiated UI event, not random. Probability of player visiting cannot be inferred.",CONTROL RECONCILED; AUTHENTICATED EVENT TRACKING MISSING
Proposed — replaces repetitive wheel combination,Exploration & onboarding,Personal Best,Open your best-score statistics. Award only once per account upon a real signed-in user action; no Test Run badge awarding.,Common,,Not statistically measurable from wheel simulation,"Player-initiated UI event, not random. Probability of player visiting cannot be inferred.","Requires real event instrumentation, authenticated back end and tests to prevent arbitrary badge claims.",proposal_explore_personal_best,,"Player-initiated UI event, not random. Probability of player visiting cannot be inferred.",CONTROL RECONCILED; AUTHENTICATED EVENT TRACKING MISSING
Proposed — replaces repetitive wheel combination,Exploration & onboarding,Stat Inspector,Open the explanation of any statistic on your Player Profile.,Common,,Not statistically measurable from wheel simulation,"Player-initiated UI event, not random. Probability of player visiting cannot be inferred.","Requires real event instrumentation, authenticated back end and tests to prevent arbitrary badge claims.",proposal_explore_run_history,,"Player-initiated UI event, not random. Probability of player visiting cannot be inferred.",CONTROL RECONCILED; AUTHENTICATED EVENT TRACKING MISSING
Proposed — replaces repetitive wheel combination,Exploration & onboarding,Getting Personal,Open Settings. Award only once per account upon a real signed-in user action; no Test Run badge awarding.,Common,,Not statistically measurable from wheel simulation,"Player-initiated UI event, not random. Probability of player visiting cannot be inferred.","Requires real event instrumentation, authenticated back end and tests to prevent arbitrary badge claims.",proposal_explore_settings_page,,"Player-initiated UI event, not random. Probability of player visiting cannot be inferred.",CONTROL RECONCILED; AUTHENTICATED EVENT TRACKING MISSING
Proposed — replaces repetitive wheel combination,Exploration & onboarding,Lights Out,Switch the site from light to dark mode. Award only once per account upon a real signed-in user action; no Test Run badge awarding.,Common,,Not statistically measurable from wheel simulation,"Player-initiated UI event, not random. Probability of player visiting cannot be inferred.","Requires real event instrumentation, authenticated back end and tests to prevent arbitrary badge claims.",proposal_explore_dark_mode,,"Player-initiated UI event, not random. Probability of player visiting cannot be inferred.",CONTROL RECONCILED; AUTHENTICATED EVENT TRACKING MISSING
Proposed — replaces repetitive wheel combination,Exploration & onboarding,Let There Be Light,Switch the site from dark to light mode. Award only once per account upon a real signed-in user action; no Test Run badge awarding.,Common,,Not statistically measurable from wheel simulation,"Player-initiated UI event, not random. Probability of player visiting cannot be inferred.","Requires real event instrumentation, authenticated back end and tests to prevent arbitrary badge claims.",proposal_explore_light_mode,,"Player-initiated UI event, not random. Probability of player visiting cannot be inferred.",CONTROL RECONCILED; AUTHENTICATED EVENT TRACKING MISSING
Proposed — replaces repetitive wheel combination,Exploration & onboarding,Pick Your Shade,Save a different display-name color in Settings. Award only once per account upon a real signed-in user action; no Test Run badge awarding.,Common,,Not statistically measurable from wheel simulation,"Player-initiated UI event, not random. Probability of player visiting cannot be inferred.","Requires real event instrumentation, authenticated back end and tests to prevent arbitrary badge claims.",proposal_explore_name_color_saved,,"Player-initiated UI event, not random. Probability of player visiting cannot be inferred.",CONTROL RECONCILED; AUTHENTICATED EVENT TRACKING MISSING
Proposed — replaces repetitive wheel combination,Exploration & onboarding,New Identity,Save a changed display name. Award only once per account upon a real signed-in user action; no Test Run badge awarding.,Common,,Not statistically measurable from wheel simulation,"Player-initiated UI event, not random. Probability of player visiting cannot be inferred.","Requires real event instrumentation, authenticated back end and tests to prevent arbitrary badge claims.",proposal_explore_display_name_saved,,"Player-initiated UI event, not random. Probability of player visiting cannot be inferred.",CONTROL RECONCILED; AUTHENTICATED EVENT TRACKING MISSING
Proposed — replaces repetitive wheel combination,Exploration & onboarding,The Arcade,Visit More Games. Award only once per account upon a real signed-in user action; no Test Run badge awarding.,Common,,Not statistically measurable from wheel simulation,"Player-initiated UI event, not random. Probability of player visiting cannot be inferred.","Requires real event instrumentation, authenticated back end and tests to prevent arbitrary badge claims.",proposal_explore_more_games_page,,"Player-initiated UI event, not random. Probability of player visiting cannot be inferred.",CONTROL RECONCILED; AUTHENTICATED EVENT TRACKING MISSING
Proposed — replaces repetitive wheel combination,Exploration & onboarding,Domain Curious,Open How Much Was the Domain? Award only once per account upon a real signed-in user action; no Test Run badge awarding.,Common,,Not statistically measurable from wheel simulation,"Player-initiated UI event, not random. Probability of player visiting cannot be inferred.","Requires real event instrumentation, authenticated back end and tests to prevent arbitrary badge claims.",proposal_explore_domain_open,,"Player-initiated UI event, not random. Probability of player visiting cannot be inferred.",CONTROL RECONCILED; AUTHENTICATED EVENT TRACKING MISSING
Proposed — replaces repetitive wheel combination,Exploration & onboarding,Domain 101,Open the instructions for How Much Was the Domain? Award only once per account upon a real signed-in user action; no Test Run badge awarding.,Common,,Not statistically measurable from wheel simulation,"Player-initiated UI event, not random. Probability of player visiting cannot be inferred.","Requires real event instrumentation, authenticated back end and tests to prevent arbitrary badge claims.",proposal_explore_domain_instructions,,"Player-initiated UI event, not random. Probability of player visiting cannot be inferred.",CONTROL RECONCILED; AUTHENTICATED EVENT TRACKING MISSING
Proposed — replaces repetitive wheel combination,Exploration & onboarding,First Guess,Submit a guess in How Much Was the Domain?. Award only once per account upon a real signed-in user action; no Test Run badge awarding.,Common,,Not statistically measurable from wheel simulation,"Player-initiated UI event, not random. Probability of player visiting cannot be inferred.","Requires real event instrumentation, authenticated back end and tests to prevent arbitrary badge claims.",proposal_explore_domain_guess,,"Player-initiated UI event, not random. Probability of player visiting cannot be inferred.",CONTROL RECONCILED; AUTHENTICATED EVENT TRACKING MISSING
Proposed — replaces repetitive wheel combination,Exploration & onboarding,Five for Five,Complete a five-question set in How Much Was the Domain?. Award only once per account upon a real signed-in user action; no Test Run badge awarding.,Common,,Not statistically measurable from wheel simulation,"Player-initiated UI event, not random. Probability of player visiting cannot be inferred.","Requires real event instrumentation, authenticated back end and tests to prevent arbitrary badge claims.",proposal_explore_domain_set,,"Player-initiated UI event, not random. Probability of player visiting cannot be inferred.",CONTROL RECONCILED; AUTHENTICATED EVENT TRACKING MISSING
Proposed — replaces repetitive wheel combination,Exploration & onboarding,Fill It In,Switch the drawing tool to Fill during an official Daily run.,Common,,Not statistically measurable from wheel simulation,"Player-initiated UI event, not random. Probability of player visiting cannot be inferred.","Requires real event instrumentation, authenticated back end and tests to prevent arbitrary badge claims.",proposal_explore_drawing_canvas,,"Player-initiated UI event, not random. Probability of player visiting cannot be inferred.",CONTROL RECONCILED; AUTHENTICATED EVENT TRACKING MISSING
Proposed — replaces repetitive wheel combination,Exploration & onboarding,First Mark,Make at least one drawing mark during a Daily run. Award only once per account upon a real signed-in user action; no Test Run badge awarding.,Common,,Not statistically measurable from wheel simulation,"Player-initiated UI event, not random. Probability of player visiting cannot be inferred.","Requires real event instrumentation, authenticated back end and tests to prevent arbitrary badge claims.",proposal_explore_drawing_mark,,"Player-initiated UI event, not random. Probability of player visiting cannot be inferred.",CONTROL RECONCILED; AUTHENTICATED EVENT TRACKING MISSING
Proposed — replaces repetitive wheel combination,Exploration & onboarding,Wheel Ready,Enter the official Daily Run screen. Award only once per account upon a real signed-in user action; no Test Run badge awarding.,Common,,Not statistically measurable from wheel simulation,"Player-initiated UI event, not random. Probability of player visiting cannot be inferred.","Requires real event instrumentation, authenticated back end and tests to prevent arbitrary badge claims.",proposal_explore_daily_run_screen,,"Player-initiated UI event, not random. Probability of player visiting cannot be inferred.",CONTROL RECONCILED; AUTHENTICATED EVENT TRACKING MISSING
Proposed — replaces repetitive wheel combination,Exploration & onboarding,Results Day,Open the completed-Daily results screen. Award only once per account upon a real signed-in user action; no Test Run badge awarding.,Common,,Not statistically measurable from wheel simulation,"Player-initiated UI event, not random. Probability of player visiting cannot be inferred.","Requires real event instrumentation, authenticated back end and tests to prevent arbitrary badge claims.",proposal_explore_daily_results,,"Player-initiated UI event, not random. Probability of player visiting cannot be inferred.",CONTROL RECONCILED; AUTHENTICATED EVENT TRACKING MISSING
Proposed — new,Four-outcome chains,Bonus Two Numbers Duck,Land the exact four-spin sequence spins → number → number → duck in one official Daily run.,Epic,3.23060000,95% Wilson interval: 3.2024238–3.2590157%,"Exact saved-spin mechanic, deterministic reference Monte Carlo","OLD_RARITY_WRONG | Must implement + E2E test official-run award, Test Run suppression and deletion behavior.",proposal_linear_091,,"Exact saved-spin mechanic, deterministic reference Monte Carlo",SIMULATED WITNESS; PRODUCTION TRIGGER MISSING
Proposed — new,Four-outcome chains,Bonus Two Numbers Double,Land the exact four-spin sequence spins → number → number → double in one official Daily run.,Anomaly,1.59666667,95% Wilson interval: 1.5767307–1.6168506%,"Exact saved-spin mechanic, deterministic reference Monte Carlo","Must implement + E2E test official-run award, Test Run suppression and deletion behavior.",proposal_linear_092,,"Exact saved-spin mechanic, deterministic reference Monte Carlo",SIMULATED WITNESS; PRODUCTION TRIGGER MISSING
Proposed — new,Four-outcome chains,Bonus Two Numbers Upgrade,Land the exact four-spin sequence spins → number → number → upgrade in one official Daily run.,Anomaly,1.63706667,95% Wilson interval: 1.6168825–1.6574985%,"Exact saved-spin mechanic, deterministic reference Monte Carlo","Must implement + E2E test official-run award, Test Run suppression and deletion behavior.",proposal_linear_093,,"Exact saved-spin mechanic, deterministic reference Monte Carlo",SIMULATED WITNESS; PRODUCTION TRIGGER MISSING
Proposed — new,Four-outcome chains,Upgrade Two Numbers Duck,Land the exact four-spin sequence upgrade → number → number → duck in one official Daily run.,Epic,2.60226667,95% Wilson interval: 2.5769101–2.6278660%,"Exact saved-spin mechanic, deterministic reference Monte Carlo","OLD_RARITY_WRONG | Must implement + E2E test official-run award, Test Run suppression and deletion behavior.",proposal_linear_094,,"Exact saved-spin mechanic, deterministic reference Monte Carlo",SIMULATED WITNESS; PRODUCTION TRIGGER MISSING
Proposed — new,Four-outcome chains,Upgrade Two Numbers Double,Land the exact four-spin sequence upgrade → number → number → double in one official Daily run.,Anomaly,1.29840000,95% Wilson interval: 1.2804077–1.3166417%,"Exact saved-spin mechanic, deterministic reference Monte Carlo","Must implement + E2E test official-run award, Test Run suppression and deletion behavior.",proposal_linear_095,,"Exact saved-spin mechanic, deterministic reference Monte Carlo",SIMULATED WITNESS; PRODUCTION TRIGGER MISSING
Proposed — new,Four-outcome chains,Upgrade Two Numbers Bonus,Land the exact four-spin sequence upgrade → number → number → spins in one official Daily run.,Anomaly,1.29933333,95% Wilson interval: 1.2813346–1.3175815%,"Exact saved-spin mechanic, deterministic reference Monte Carlo","Must implement + E2E test official-run award, Test Run suppression and deletion behavior.",proposal_linear_096,,"Exact saved-spin mechanic, deterministic reference Monte Carlo",SIMULATED WITNESS; PRODUCTION TRIGGER MISSING